state;year;distid;schoolid;distname;schoolname;ncesdistid;ncesid;ncesenroll;gradespan;level;enroll_raw_ND;enrollmetric;pp_stloc_raw_ND;pp_fed_raw_ND;pp_total_raw_ND;schoolstloc_raw_ND;schoolfed_raw_ND;schooltot_raw_ND;countenroll;noaudit;nositecen;adfinvars;distflex;flag_NERDS
ND;2018-2019;27002;03151;Alexander Public School District;Alexander Elementary School;3801760;380176000003;172; PK-06;2;146;September Count;10875,77;297,22;11172,99;1587862,42;43394,12;1631256,54;1;0;1;0;0;0
ND;2018-2019;27002;03153;Alexander Public School District;Alexander High School;3801760;380176000004;96; 07-12;4;96;September Count;10875,77;297,22;11172,99;1044073,92;28533,12;1072607,04;1;0;1;0;0;0
ND;2018-2019;25014;03891;Anamoose Public School District;Anamoose Elementary School;3801950;380195000007;85; PK-06;2;85;September Count;12913,78;2006,68;14920,47;1097671,3;170567,8;1268239,95;1;0;1;0;0;0
ND;2018-2019;08039;04861;Apple Creek Public School District;Apple Creek Elementary School;3802014;380201400012;52; PK-06;2;52;September Count;14453,46;45,82;14499,28;751579,92;2382,64;753962,56;1;0;1;0;0;0
ND;2018-2019;26009;05391;Ashley Public School District;Ashley Elementary School;3802170;380217000013;73; PK-06;2;69;September Count;12709,56;463,64;13173,21;876959,64;31991,16;908951,49;1;0;1;0;0;0
ND;2018-2019;26009;05393;Ashley Public School District;Ashley High School;3802170;380217000014;70; 07-12;4;70;September Count;12709,56;463,64;13173,21;889669,2;32454,8;922124,7;1;0;1;0;0;0
ND;2018-2019;15010;07721;Bakker Public School District;Bakker Elementary School;3802240;380224000016;11; KG-08;3;11;September Count;23065,44;0;23065,44;253719,84;0;253719,84;1;0;1;0;0;0
ND;2018-2019;02007;94631;Barnes County North Public School District;Barnes County North Elementary School;3800060;380006000701;179; PK-08;3;153;September Count;10624,62;382,25;11006,87;1625566,86;58484,25;1684051,11;1;0;1;0;0;0
ND;2018-2019;02007;94633;Barnes County North Public School District;Barnes County North High School;3800060;380006000702;82; 09-12;4;82;September Count;10624,62;382,25;11006,87;871218,84;31344,5;902563,34;1;0;1;0;0;0
ND;2018-2019;17003;08503;Beach Public School District;Beach High School;3802380;380238000023;143; 07-12;4;143;September Count;15458,37;0;15458,37;2210546,91;0;2210546,91;1;0;1;0;0;0
ND;2018-2019;17003;52781;Beach Public School District;Lincoln Elementary School;3802380;380238000024;141; PK-06;2;123;September Count;13053,65;0;13053,65;1605598,95;0;1605598,95;1;0;1;0;0;0
ND;2018-2019;40007;85651;Belcourt Public School District;Turtle Mountain Community Elementary School;3802530;380253000750;NA; PK-05;2;690;September Count;8532,89;7470,1;16002,99;5887694,1;5154369;11042063,1;1;0;1;0;0;1
ND;2018-2019;40007;85673;Belcourt Public School District;Turtle Mountain Community High School;3802530;380253000752;NA; 09-12;4;536;September Count;3823,21;10042,5;13865,71;2049240,56;5382780;7432020,56;1;0;1;0;0;1
ND;2018-2019;40007;85662;Belcourt Public School District;Turtle Mountain Community Middle School;3802530;380253000751;NA; 06-08;3;394;September Count;6001,9;2682,83;8684,74;2364748,6;1057035,02;3421787,56;1;0;1;0;0;1
ND;2018-2019;45013;08841;Belfield Public School District;Belfield Elementary School;3806210;380621000180;150; PK-06;2;127;September Count;12164,67;362,72;12527,39;1544913,09;46065,44;1590978,53;1;0;1;0;0;0
ND;2018-2019;45013;08843;Belfield Public School District;Belfield High School;3806210;380621000181;106; 07-12;4;106;September Count;12164,67;362,72;12527,39;1289455,02;38448,32;1327903,34;1;0;1;0;0;0
ND;2018-2019;29027;09281;Beulah Public School District;Beulah Elementary School;3800032;380003200031;297; PK-04;2;282;September Count;10568,93;639,54;11208,48;2980438,26;180350,28;3160791,36;1;0;1;0;0;0
ND;2018-2019;29027;09243;Beulah Public School District;Beulah High School;3800032;380003200032;218; 09-12;4;218;September Count;9421,83;0;9421,83;2053958,94;0;2053958,94;1;0;1;0;0;0
ND;2018-2019;29027;09262;Beulah Public School District;Beulah Middle School;3800032;380003200738;222; 05-08;3;222;September Count;6874,25;0;6874,25;1526083,5;0;1526083,5;1;0;1;0;0;0
ND;2018-2019;04001;17801;Billings Co Public School District;Demores Elementary School;3802840;380284000033;46; PK-08;3;36;September Count;26033,71;128,64;26162,35;937213,56;4631,04;941844,6;1;0;1;0;0;0
ND;2018-2019;04001;71721;Billings Co Public School District;Prairie Elementary School;3802840;380284000816;39; PK-08;3;38;September Count;25331,78;128,64;25460,41;962607,64;4888,32;967495,58;1;0;1;0;0;0
ND;2018-2019;08001;09703;Bismarck Public School District;Bismarck High School;3800014;380001400045;1191; 09-12;4;1191;September Count;10172,48;434,95;10607,43;12115423,68;518025,45;12633449,13;1;0;1;0;0;0
ND;2018-2019;08001;13481;Bismarck Public School District;Centennial Elementary School;3800014;380001400821;436; KG-05;2;436;September Count;10545,26;433,41;10978,67;4597733,36;188966,76;4786700,12;1;0;1;0;0;0
ND;2018-2019;08001;13653;Bismarck Public School District;Century High School;3800014;380001400047;1257; 09-12;4;1257;September Count;10051,09;444,61;10495,69;12634220,13;558874,77;13193082,33;1;0;1;0;0;0
ND;2018-2019;08001;18971;Bismarck Public School District;Dorothy Moses Elementary School;3800014;380001400048;369; KG-05;2;369;September Count;11356,58;1740,55;13097,13;4190578,02;642262,95;4832840,97;1;0;1;0;0;0
ND;2018-2019;08001;32821;Bismarck Public School District;Grimsrud Elementary School;3800014;380001400049;254; KG-05;2;254;September Count;10244,53;930,65;11175,18;2602110,62;236385,1;2838495,72;1;0;1;0;0;0
ND;2018-2019;08001;36121;Bismarck Public School District;Highland Acres Elementary School;3800014;380001400050;172; KG-05;2;172;September Count;11199,51;433,41;11632,92;1926315,72;74546,52;2000862,24;1;0;1;0;0;0
ND;2018-2019;08001;37952;Bismarck Public School District;Horizon Middle School;3800014;380001400051;1084; 06-08;3;1084;September Count;9137,3;437,65;9574,94;9904833,2;474412,6;10379234,96;1;0;1;0;0;0
ND;2018-2019;08001;45801;Bismarck Public School District;Jeannette Myhre Elementary School;3800014;380001400052;273; KG-05;2;273;September Count;10825,77;2320,53;13146,31;2955435,21;633504,69;3588942,63;1;0;1;0;0;0
ND;2018-2019;08001;51993;Bismarck Public School District;Legacy High School;3800014;380001400866;1245; 09-12;4;1245;September Count;9758,54;435,03;10193,57;12149382,3;541612,35;12690994,65;1;0;1;0;0;0
ND;2018-2019;08001;52551;Bismarck Public School District;Liberty Elementary School;3800014;380001400865;614; KG-05;2;614;September Count;9595,87;433,41;10029,28;5891864,18;266113,74;6157977,92;1;0;1;0;0;0
ND;2018-2019;08001;52861;Bismarck Public School District;Lincoln Elementary School;3800014;380001400864;631; KG-05;2;631;September Count;9329,54;433,41;9762,94;5886939,74;273481,71;6160415,14;1;0;1;0;0;0
ND;2018-2019;08001;61321;Bismarck Public School District;Northridge Elementary School;3800014;380001400053;435; KG-05;2;435;September Count;10223,88;1220,62;11444,5;4447387,8;530969,7;4978357,5;1;0;1;0;0;0
ND;2018-2019;08001;70901;Bismarck Public School District;Pioneer Elementary School;3800014;380001400054;278; KG-05;2;278;September Count;10337,51;1337,02;11674,53;2873827,78;371691,56;3245519,34;1;0;1;0;0;0
ND;2018-2019;08001;52761;Bismarck Public School District;Prairie Rose Elementary School;3800014;380001400810;146; KG-05;2;146;September Count;11241,87;433,41;11675,27;1641313,02;63277,86;1704589,42;1;0;1;0;0;0
ND;2018-2019;08001;74721;Bismarck Public School District;Rita Murphy Elementary School;3800014;380001400056;612; KG-05;2;612;September Count;9700,48;433,41;10133,89;5936693,76;265246,92;6201940,68;1;0;1;0;0;0
ND;2018-2019;08001;61291;Bismarck Public School District;Robert Place Miller Elementary School;3800014;380001400727;355; KG-05;2;355;September Count;11455,17;1169,75;12624,92;4066585,35;415261,25;4481846,6;1;0;1;0;0;0
ND;2018-2019;08001;75611;Bismarck Public School District;Roosevelt Elementary School;3800014;380001400058;116; KG-05;2;116;September Count;12334,95;1169,97;13504,91;1430854,2;135716,52;1566569,56;1;0;1;0;0;0
ND;2018-2019;08001;79002;Bismarck Public School District;Simle Middle School;3800014;380001400060;1045; 06-08;3;1045;September Count;9217,28;439,16;9656,43;9632057,6;458922,2;10090969,35;1;0;1;0;0;0
ND;2018-2019;08001;80503;Bismarck Public School District;South Central Alternative High School;3800014;380001400739;101; 09-12;4;101;September Count;14541,38;433,41;14974,78;1468679,38;43774,41;1512452,78;1;0;1;0;0;0
ND;2018-2019;08001;82631;Bismarck Public School District;Sunrise Elementary School;3800014;380001400850;629; KG-05;2;629;September Count;9663,52;433,41;10096,93;6078354,08;272614,89;6350968,97;1;0;1;0;0;0
ND;2018-2019;08001;80381;Bismarck Public School District;Victor Solheim Elementary School;3800014;380001400811;546; KG-05;2;546;September Count;9753,13;433,41;10186,54;5325208,98;236641,86;5561850,84;1;0;1;0;0;0
ND;2018-2019;08001;91632;Bismarck Public School District;Wachter Middle School;3800014;380001400061;941; 06-08;3;941;September Count;9910,46;491,91;10402,37;9325742,86;462887,31;9788630,17;1;0;1;0;0;0
ND;2018-2019;08001;94141;Bismarck Public School District;Will-Moore Elementary School;3800014;380001400062;218; KG-05;2;218;September Count;12591,38;1720,23;14311,61;2744920,84;375010,14;3119930,98;1;0;1;0;0;0
ND;2018-2019;05001;10351;Bottineau Public School District;Bottineau Elementary School;3803060;380306000067;379; PK-06;2;376;September Count;8549,3;138,59;8687,9;3214536,8;52109,84;3266650,4;1;0;1;0;0;0
ND;2018-2019;05001;10333;Bottineau Public School District;Bottineau Junior-Senior High School;3803060;380306000068;279; 07-12;4;279;September Count;13407,06;1369,63;14776,69;3740569,74;382126,77;4122696,51;1;0;1;0;0;0
ND;2018-2019;07014;10371;Bowbells Public School District;Bowbells Elementary School;3803090;380309000069;53; PK-06;2;52;September Count;16810,32;626,4;17436,72;874136,64;32572,8;906709,44;1;0;1;0;0;0
ND;2018-2019;07014;10373;Bowbells Public School District;Bowbells High School;3803090;380309000070;26; 07-12;4;26;September Count;16810,32;626,4;17436,72;437068,32;16286,4;453354,72;1;0;1;0;0;0
ND;2018-2019;06001;10431;Bowman Co Public School District;Bowman Co Elementary School;3803200;380320000074;234; PK-06;2;225;September Count;13218,4;233,55;13451,96;2974140;52548,75;3026691;1;0;1;0;0;0
ND;2018-2019;06001;10433;Bowman Co Public School District;Bowman Co High School;3803200;380320000075;203; 07-12;4;203;September Count;13218,4;233,55;13451,96;2683335,2;47410,65;2730747,88;1;0;1;0;0;0
ND;2018-2019;06001;74211;Bowman Co Public School District;Rhame Elementary School;3803200;380320000548;43; KG-06;2;43;September Count;12827,71;220,34;13048,06;551591,53;9474,62;561066,58;1;0;1;0;0;0
ND;2018-2019;07036;52621;Burke Central Public School District;Burke Central Elementary School;3803590;380359000080;46; PK-06;2;43;September Count;21858,65;1244,28;23102,93;939921,95;53504,04;993425,99;1;0;1;0;0;0
ND;2018-2019;07036;52623;Burke Central Public School District;Burke Central High School;3803590;380359000082;39; 07-12;4;39;September Count;21858,65;1244,28;23102,93;852487,35;48526,92;901014,27;1;0;1;0;0;0
ND;2018-2019;16049;13031;Carrington Public School District;Carrington Elementary School;3800053;380005300087;270; PK-06;2;263;September Count;9787,21;508,19;10295,4;2574036,23;133653,97;2707690,2;1;0;1;0;0;0
ND;2018-2019;16049;13043;Carrington Public School District;Carrington High School;3800053;380005300088;230; 07-12;4;230;September Count;11173,56;66,29;11239,84;2569918,8;15246,7;2585163,2;1;0;1;0;0;0
ND;2018-2019;34006;13231;Cavalier Public School District;Cavalier Elementary School;3800018;380001800094;223; PK-05;2;188;September Count;9307,21;247,72;9554,93;1749755,48;46571,36;1796326,84;1;0;1;0;0;0
ND;2018-2019;34006;13233;Cavalier Public School District;Cavalier High School;3800018;380001800089;213; 06-12;4;213;September Count;9307,21;247,72;9554,93;1982435,73;52764,36;2035200,09;1;0;1;0;0;0
ND;2018-2019;33001;13501;Center-Stanton Public School District;Center-Stanton Elementary School;3800052;380005200096;142; PK-06;2;124;September Count;12041,32;822,2;12863,53;1493123,68;101952,8;1595077,72;1;0;1;0;0;0
ND;2018-2019;33001;13503;Center-Stanton Public School District;Center-Stanton High School;3800052;380005200097;104; 07-12;4;104;September Count;12041,32;822,2;12863,53;1252297,28;85508,8;1337807,12;1;0;1;0;0;0
ND;2018-2019;09017;13541;Central Cass Public School District;Central Cass Elementary School;3804090;380409000099;467; PK-05;2;455;September Count;8523,81;207,46;8731,26;3878333,55;94394,3;3972723,3;1;0;1;0;0;0
ND;2018-2019;09017;13543;Central Cass Public School District;Central Cass High School;3804090;380409000100;246; 09-12;4;246;September Count;8523,81;207,46;8731,26;2096857,26;51035,16;2147889,96;1;0;1;0;0;0
ND;2018-2019;09017;13542;Central Cass Public School District;Central Cass Middle School;3804090;380409000163;227; 06-08;3;227;September Count;8523,81;207,46;8731,26;1934904,87;47093,42;1981996,02;1;0;1;0;0;0
ND;2018-2019;49003;13691;Central Valley Public School District;Central Valley Elementary School;3804140;380414000103;129; PK-06;2;111;September Count;11384,92;304,37;11689,28;1263726,12;33785,07;1297510,08;1;0;1;0;0;0
ND;2018-2019;49003;13693;Central Valley Public School District;Central Valley High School;3804140;380414000104;77; 07-12;4;77;September Count;11384,92;304,37;11689,28;876638,84;23436,49;900074,56;1;0;1;0;0;0
ND;2018-2019;32001;56411;Dakota Prairie Public School District;Dakota Prairie Elementary School;3800040;380004000416;164; PK-06;2;135;September Count;12016,28;1031,11;13047,4;1622197,8;139199,85;1761399;1;0;1;0;0;0
ND;2018-2019;32001;88263;Dakota Prairie Public School District;Dakota Prairie High School;3800040;380004000649;132; 07-12;4;132;September Count;14024,81;0;14024,81;1851274,92;0;1851274,92;1;0;1;0;0;0
ND;2018-2019;36001;18332;Devils Lake Public School District;Central Middle School;3805040;380504000127;525; 05-08;3;525;September Count;10113,95;489,89;10603,84;5309823,75;257192,25;5567016;1;0;1;0;0;0
ND;2018-2019;36001;18293;Devils Lake Public School District;Devils Lake High School;3805040;380504000126;479; 09-12;4;479;September Count;12752,39;880,62;13633;6108394,81;421816,98;6530207;1;0;1;0;0;0
ND;2018-2019;36001;57431;Devils Lake Public School District;Minnie H Kindergarten Center;3805040;380504000128;182; PK-KG;1;140;September Count;8488,35;1080,72;9569,06;1188369;151300,8;1339668,4;1;0;1;0;0;1
ND;2018-2019;36001;71781;Devils Lake Public School District;Prairie View Elementary School;3805040;380504000129;272; 01-04;2;272;September Count;10262,6;2229,01;12491,61;2791427,2;606290,72;3397717,92;1;0;1;0;0;0
ND;2018-2019;36001;82801;Devils Lake Public School District;Sweetwater Elementary School;3805040;380504000130;252; 01-04;2;252;September Count;9911,01;1873,99;11785;2497574,52;472245,48;2969820;1;0;1;0;0;0
ND;2018-2019;45001;18453;Dickinson Public School District;Dickinson High School;3800038;380003800132;1006; 09-12;4;1006;September Count;10538,32;409,04;10947,36;10601549,92;411494,24;11013044,16;1;0;1;0;0;0
ND;2018-2019;45001;18482;Dickinson Public School District;Dickinson Middle School;3800038;380003800887;846; 06-08;3;846;September Count;10405,75;545,35;10951,11;8803264,5;461366,1;9264639,06;1;0;1;0;0;0
ND;2018-2019;45001;31601;Dickinson Public School District;Heart River Elementary School;3800038;380003800742;263; KG-05;2;263;September Count;10711,09;1043,33;11754,42;2817016,67;274395,79;3091412,46;1;0;1;0;0;0
ND;2018-2019;45001;46001;Dickinson Public School District;Jefferson Elementary School;3800038;380003800134;354; KG-05;2;354;September Count;9760,91;321,41;10082,31;3455362,14;113779,14;3569137,74;1;0;1;0;0;0
ND;2018-2019;45001;52821;Dickinson Public School District;Lincoln Elementary School;3800038;380003800135;357; KG-05;2;357;September Count;10337,44;321,41;10658,85;3690466,08;114743,37;3805209,45;1;0;1;0;0;0
ND;2018-2019;45001;71801;Dickinson Public School District;P S Berg Elementary School;3800038;380003800895;180; KG-05;2;180;September Count;12622,9;321,41;12944,3;2272122;57853,8;2329974;1;0;1;0;0;0
ND;2018-2019;45001;71731;Dickinson Public School District;Prairie Rose Elementary School;3800038;380003800869;440; KG-05;2;440;September Count;9685,74;859,53;10545,26;4261725,6;378193,2;4639914,4;1;0;1;0;0;0
ND;2018-2019;45001;75741;Dickinson Public School District;Roosevelt Elementary School;3800038;380003800137;287; KG-05;2;287;September Count;9834,14;905,41;10739,55;2822398,18;259852,67;3082250,85;1;0;1;0;0;0
ND;2018-2019;45001;18443;Dickinson Public School District;Southwest Community High School;3800038;380003800156;26; 09-12;4;26;September Count;12914,12;321,41;13235,53;335767,12;8356,66;344123,78;1;0;1;0;0;0
ND;2018-2019;12001;18601;Divide County Public School District;Divide County Elementary School;3805160;380516000139;193; PK-06;2;191;September Count;13364,1;972,7;14336,8;2552543,1;185785,7;2738328,8;1;0;1;0;0;0
ND;2018-2019;12001;18663;Divide County Public School District;Divide County High School;3805160;380516000140;165; 07-12;4;165;September Count;15123,96;0;15123,96;2495453,4;0;2495453,4;1;0;1;0;0;0
ND;2018-2019;25057;19253;Drake Public School District;Drake High School;3800029;380002900149;80; 07-12;4;80;September Count;16037,05;209,47;16246,52;1282964;16757,6;1299721,6;1;0;1;0;0;0
ND;2018-2019;34019;19281;Drayton Public School District;Drayton Elementary School;3805340;380534000150;149; PK-08;3;132;September Count;13459,53;846,55;14306,08;1776657,96;111744,6;1888402,56;1;0;1;0;0;0
ND;2018-2019;34019;19283;Drayton Public School District;Drayton High School;3805340;380534000151;35; 09-12;4;35;September Count;13459,53;846,55;14306,08;471083,55;29629,25;500712,8;1;0;1;0;0;0
ND;2018-2019;40001;19681;Dunseith Public School District;Dunseith Elementary School;3805460;380546000155;273; PK-06;2;247;September Count;10710,03;3842,07;14552,1;2645377,41;948991,29;3594368,7;1;0;1;0;0;0
ND;2018-2019;40001;19663;Dunseith Public School District;Dunseith High School;3805460;380546000157;249; 07-12;4;249;September Count;11787,58;2829,88;14617,45;2935107,42;704640,12;3639745,05;1;0;1;0;0;0
ND;2018-2019;27018;81061;Earl Public School District;Squaw Gap School;3805670;380567000826;0; KG-08;3;NA;September Count;0;0;0;NA;NA;NA;1;0;1;0;0;1
ND;2018-2019;23003;21071;Edgeley Public School District;Edgeley Elementary School;3805850;380585000093;115; PK-06;2;103;September Count;10499,05;436,76;10935,81;1081402,15;44986,28;1126388,43;1;0;1;0;0;0
ND;2018-2019;23003;21073;Edgeley Public School District;Edgeley High School;3805850;380585000166;113; 07-12;4;113;September Count;10499,05;436,76;10935,81;1186392,65;49353,88;1235746,53;1;0;1;0;0;0
ND;2018-2019;23003;21061;Edgeley Public School District;Willow Bank Colony School;3805850;380585000729;28; KG-08;3;28;September Count;9236,69;436,76;9673,45;258627,32;12229,28;270856,6;1;0;1;0;0;0
ND;2018-2019;36002;21131;Edmore Public School District;Edmore Elementary School;3805950;380595000868;34; PK-08;3;32;September Count;28084,55;307,48;28392,03;898705,6;9839,36;908544,96;1;0;1;0;0;0
ND;2018-2019;36002;21133;Edmore Public School District;Edmore High School;3805950;380595000170;16; 09-12;4;16;September Count;28084,55;307,48;28392,03;449352,8;4919,68;454272,48;1;0;1;0;0;0
ND;2018-2019;53006;22701;Eight Mile Public School District;Eight Mile Elementary School;3806010;380601000171;203; KG-08;3;201;September Count;11403,62;639,38;12043;2292127,62;128515,38;2420643;1;0;1;0;0;0
ND;2018-2019;53006;22703;Eight Mile Public School District;Eight Mile High School;3806010;380601000172;101; 09-12;4;101;September Count;11403,62;639,38;12043;1151765,62;64577,38;1216343;1;0;1;0;0;0
ND;2018-2019;19049;23281;Elgin-New Leipzig Public School District;Elgin-New Leipzig Elementary School;3800045;380004500174;85; PK-06;2;85;September Count;14867,81;657,03;15524,84;1263763,85;55847,55;1319611,4;1;0;1;0;0;0
ND;2018-2019;19049;23283;Elgin-New Leipzig Public School District;Elgin-New Leipzig High School;3800045;380004500175;74; 07-12;4;74;September Count;14867,81;657,03;15524,84;1100217,94;48620,22;1148838,16;1;0;1;0;0;0
ND;2018-2019;11040;23331;Ellendale Public School District;Ellendale Elementary School;3806090;380609000177;210; PK-08;3;206;September Count;9616,39;456,75;10073,14;1980976,34;94090,5;2075066,84;1;0;1;0;0;0
ND;2018-2019;11040;23333;Ellendale Public School District;Ellendale High School;3806090;380609000178;85; 09-12;4;85;September Count;9616,39;456,75;10073,14;817393,15;38823,75;856216,9;1;0;1;0;0;0
ND;2018-2019;11040;54811;Ellendale Public School District;Maple River Colony School;3806090;380609000179;45; KG-08;3;45;September Count;7876,18;429;8305,18;354428,1;19305;373733,1;1;0;1;0;0;0
ND;2018-2019;18127;23621;Emerado Public School District;Emerado Elementary School;3806360;380636000182;126; PK-08;3;108;September Count;9453,3;2540,87;11994,17;1020956,4;274413,96;1295370,36;1;0;1;0;0;0
ND;2018-2019;37024;23871;Enderlin Area Public School District;Enderlin Area Elementary School;3800061;380006100183;174; KG-06;2;166;September Count;10835,96;430,26;11266,22;1798769,36;71423,16;1870192,52;1;0;1;0;0;0
ND;2018-2019;37024;23873;Enderlin Area Public School District;Enderlin Area High School;3800061;380006100184;128; 07-12;4;128;September Count;10835,96;430,26;11266,22;1387002,88;55073,28;1442076,16;1;0;1;0;0;0
ND;2018-2019;37024;32521;Enderlin Area Public School District;Grant Colony School;3800061;380006100884;4; KG-08;3;4;September Count;37320,47;430,26;37750,73;149281,88;1721,04;151002,92;1;0;1;0;0;0
ND;2018-2019;39018;27391;Fairmount Public School District;Fairmount Elementary School;3806690;380669000190;50; PK-06;2;48;September Count;15782,99;909,94;16692,93;757583,52;43677,12;801260,64;1;0;1;0;0;0
ND;2018-2019;39018;27393;Fairmount Public School District;Fairmount High School;3806690;380669000191;52; 07-12;4;52;September Count;15782,99;909,94;16692,93;820715,48;47316,88;868032,36;1;0;1;0;0;0
ND;2018-2019;09001;07132;Fargo Public School District;Ben Franklin Middle School;3806780;380678000193;830; 06-08;3;830;September Count;11610,32;625,91;12236,23;9636565,6;519505,3;10156070,9;1;0;1;0;0;0
ND;2018-2019;09001;08981;Fargo Public School District;Bennett Elementary School;3806780;380678000160;479; KG-05;2;479;September Count;10625,57;509,48;11135,05;5089648,03;244040,92;5333688,95;1;0;1;0;0;0
ND;2018-2019;09001;12922;Fargo Public School District;Carl Ben Eielson Middle School;3806780;380678000186;761; 06-08;3;761;September Count;12043,21;754,26;12797,48;9164882,81;573991,86;9738882,28;1;0;1;0;0;0
ND;2018-2019;09001;27891;Fargo Public School District;Centennial Elementary School;3806780;380678000823;551; KG-05;2;551;September Count;10655,83;328,23;10984,06;5871362,33;180854,73;6052217,06;1;0;1;0;0;0
ND;2018-2019;09001;14181;Fargo Public School District;Clara Barton Hawthorne Elementary School;3806780;380678000195;385; KG-05;2;385;September Count;12499,14;440,39;12939,53;4812168,9;169550,15;4981719,05;1;0;1;0;0;0
ND;2018-2019;09001;18552;Fargo Public School District;Discovery Middle School;3806780;380678000079;1044; 06-08;3;1044;September Count;10759,59;394,04;11153,62;11233011,96;411377,76;11644379,28;1;0;1;0;0;0
ND;2018-2019;09001;20801;Fargo Public School District;Eagles Elementary School;3806780;380678000881;330; KG-05;2;330;September Count;13777,81;1043,24;14821,05;4546677,3;344269,2;4890946,5;1;0;1;0;0;0
ND;2018-2019;09001;21041;Fargo Public School District;ED Clapp Elementary School;3806780;380678000873;489; KG-05;2;489;September Count;12612,41;2049,2;14661,61;6167468,49;1002058,8;7169527,29;1;0;1;0;0;0
ND;2018-2019;09001;17403;Fargo Public School District;Fargo Davies High School;3806780;380678000855;1274; 09-12;4;1274;September Count;11171,5;440,68;11612,19;14232491;561426,32;14793930,06;1;0;1;0;0;0
ND;2018-2019;09001;37331;Fargo Public School District;Horace Mann Roosevelt Elementary School;3806780;380678000198;342; KG-05;2;342;September Count;13810,73;1309,85;15120,58;4723269,66;447968,7;5171238,36;1;0;1;0;0;0
ND;2018-2019;09001;45981;Fargo Public School District;Jefferson Elementary School;3806780;380678000199;336; KG-05;2;336;September Count;12106,93;2349,96;14456,89;4067928,48;789586,56;4857515,04;1;0;1;0;0;0
ND;2018-2019;09001;48831;Fargo Public School District;Kennedy Elementary School;3806780;380678000206;518; KG-05;2;518;September Count;11903,13;498,4;12401,53;6165821,34;258171,2;6423992,54;1;0;1;0;0;0
ND;2018-2019;09001;52221;Fargo Public School District;Lewis And Clark Elementary School;3806780;380678000200;496; KG-05;2;496;September Count;11776,25;1445,7;13221,95;5841020;717067,2;6558087,2;1;0;1;0;0;0
ND;2018-2019;09001;52771;Fargo Public School District;Lincoln Elementary School;3806780;380678000201;439; KG-05;2;439;September Count;13594,8;1495,69;15090,49;5968117,2;656607,91;6624725,11;1;0;1;0;0;0
ND;2018-2019;09001;53241;Fargo Public School District;Longfellow Elementary School;3806780;380678000202;351; KG-05;2;351;September Count;12137,84;183,1;12320,94;4260381,84;64268,1;4324649,94;1;0;1;0;0;0
ND;2018-2019;09001;54351;Fargo Public School District;Madison Elementary School;3806780;380678000203;123; KG-05;2;123;September Count;18129;2195,8;20324,81;2229867;270083,4;2499951,63;1;0;1;0;0;0
ND;2018-2019;09001;56251;Fargo Public School District;McKinley Elementary School;3806780;380678000204;181; KG-05;2;181;September Count;15384,63;1648,31;17032,94;2784618,03;298344,11;3082962,14;1;0;1;0;0;0
ND;2018-2019;09001;61253;Fargo Public School District;North High School;3806780;380678000205;973; 09-12;4;973;September Count;11874,17;301,98;12176,15;11553567,41;293826,54;11847393,95;1;0;1;0;0;0
ND;2018-2019;09001;27443;Fargo Public School District;South High School;3806780;380678000208;964; 09-12;4;964;September Count;12943,17;585,04;13528,2;12477215,88;563978,56;13041184,8;1;0;1;0;0;0
ND;2018-2019;09001;92431;Fargo Public School District;Washington Elementary School;3806780;380678000210;355; KG-05;2;355;September Count;13232,66;1159,02;14391,68;4697594,3;411452,1;5109046,4;1;0;1;0;0;0
ND;2018-2019;09001;95163;Fargo Public School District;Woodrow Wilson Alternative High School;3806780;380678000211;152; 09-12;4;17;September Count;11156,59;183,1;11339,69;189662,03;3112,7;192774,73;1;0;1;0;0;1
ND;2018-2019;52025;27921;Fessenden-Bowdon Public School District;Fessenden-Bowdon Elementary School;3800049;380004900212;144; PK-08;3;128;September Count;12046,33;317,48;12363,81;1541930,24;40637,44;1582567,68;1;0;1;0;0;0
ND;2018-2019;52025;27923;Fessenden-Bowdon Public School District;Fessenden-Bowdon High School;3800049;380004900213;33; 09-12;4;33;September Count;12046,33;317,48;12363,81;397528,89;10476,84;408005,73;1;0;1;0;0;0
ND;2018-2019;46019;28271;Finley-Sharon Public School District;Finley-Sharon Elementary School;3806910;380691000743;40; PK-06;2;39;September Count;25288,77;693,58;25982,36;986262,03;27049,62;1013312,04;1;0;1;0;0;0
ND;2018-2019;46019;28273;Finley-Sharon Public School District;Finley-Sharon High School;3806910;380691000217;38; 07-12;4;38;September Count;25288,77;693,58;25982,36;960973,26;26356,04;987329,68;1;0;1;0;0;0
ND;2018-2019;30039;28541;Flasher Public School District;Flasher Elementary School;3806930;380693000218;135; PK-06;2;133;September Count;10148,16;538,04;10686,2;1349705,28;71559,32;1421264,6;1;0;1;0;0;0
ND;2018-2019;30039;28543;Flasher Public School District;Flasher High School;3806930;380693000219;98; 07-12;4;98;September Count;10148,16;538,04;10686,2;994519,68;52727,92;1047247,6;1;0;1;0;0;0
ND;2018-2019;50005;28911;Fordville-Lankin Public School District;Fordville-Lankin Elementary School;3800056;380005600224;31; PK-08;3;29;September Count;26650,98;198,59;26849,56;772878,42;5759,11;778637,24;1;0;1;0;0;0
ND;2018-2019;50005;28913;Fordville-Lankin Public School District;Fordville-Lankin High School;3800056;380005600225;10; 09-12;4;10;September Count;26650,98;198,59;26849,56;266509,8;1985,9;268495,6;1;0;1;0;0;0
ND;2018-2019;37006;28981;Ft Ransom Public School District;Fort Ransom Elementary School;3800033;380003300226;24; KG-06;2;24;September Count;15295,38;100,79;15396,17;367089,12;2418,96;369508,08;1;0;1;0;0;0
ND;2018-2019;03030;29103;Ft Totten Public School District;Four Winds Community High School;3807170;380717000227;170; 09-12;4;170;September Count;12317,08;4653,93;16971,01;2093903,6;791168,1;2885071,7;1;0;1;0;0;0
ND;2018-2019;43004;29212;Ft Yates Public School District;Fort Yates Middle School;3807200;380720000744;118; 05-08;3;118;September Count;31399,52;449,53;31849,05;3705143,36;53044,54;3758187,9;1;0;1;0;0;0
ND;2018-2019;24056;30131;Gackle-Streeter Public School District;Gackle-Streeter Elementary School;3800043;380004300230;85; PK-08;3;78;September Count;17012,12;770,67;17782,78;1326945,36;60112,26;1387056,84;1;0;1;0;0;0
ND;2018-2019;24056;30133;Gackle-Streeter Public School District;Gackle-Streeter High School;3800043;380004300231;19; 09-12;4;19;September Count;17012,12;770,67;17782,78;323230,28;14642,73;337872,82;1;0;1;0;0;0
ND;2018-2019;28051;09901;Garrison Public School District;Bob Callies Elementary School;3807590;380759000233;225; PK-06;2;186;September Count;11175,94;468,69;11644,64;2078724,84;87176,34;2165903,04;1;0;1;0;0;0
ND;2018-2019;28051;30523;Garrison Public School District;Garrison High School;3807590;380759000234;161; 07-12;4;161;September Count;12767,84;468,69;13236,53;2055622,24;75459,09;2131081,33;1;0;1;0;0;0
ND;2018-2019;30048;31651;Glen Ullin Public School District;Glen Ullin Elementary School;3807830;380783000235;90; PK-08;3;90;September Count;17440,62;444,44;17885,06;1569655,8;39999,6;1609655,4;1;0;1;0;0;0
ND;2018-2019;30048;31653;Glen Ullin Public School District;Glen Ullin High School;3807830;380783000236;39; 09-12;4;39;September Count;17440,62;444,44;17885,06;680184,18;17333,16;697517,34;1;0;1;0;0;0
ND;2018-2019;38026;31691;Glenburn Public School District;Glenburn Elementary School;3807850;380785000237;147; PK-06;2;135;September Count;13949,65;748,88;14698,53;1883202,75;101098,8;1984301,55;1;0;1;0;0;0
ND;2018-2019;38026;31693;Glenburn Public School District;Glenburn High School;3807850;380785000238;118; 07-12;4;118;September Count;13949,65;748,88;14698,53;1646058,7;88367,84;1734426,54;1;0;1;0;0;0
ND;2018-2019;42016;31991;Goodrich Public School District;Goodrich Elementary School;3807950;380795000242;15; PK-06;2;11;September Count;23432,78;1299,32;24732,1;257760,58;14292,52;272053,1;1;0;1;0;0;1
ND;2018-2019;42016;31993;Goodrich Public School District;Goodrich High School;3807950;380795000243;11; 07-12;4;11;September Count;23432,78;1299,32;24732,1;257760,58;14292,52;272053,1;1;0;1;0;0;0
ND;2018-2019;50003;13661;Grafton Public School District;Century Elementary School;3808060;380806000143;537; PK-06;2;467;September Count;7725,62;1640,19;9365,8;3607864,54;765968,73;4373828,6;1;0;1;0;0;0
ND;2018-2019;50003;32313;Grafton Public School District;Grafton High School;3808060;380806000248;268; 09-12;4;268;September Count;7593,5;1310,36;8903,86;2035058;351176,48;2386234,48;1;0;1;0;0;0
ND;2018-2019;50003;32352;Grafton Public School District;Grafton Junior High School;3808060;380806000247;122; 07-08;3;122;September Count;9939,11;1396,55;11335,66;1212571,42;170379,1;1382950,52;1;0;1;0;0;0
ND;2018-2019;18001;08961;Grand Forks Public School District;Ben Franklin Elementary School;3808130;380813000252;349; PK-05;2;347;September Count;10502,56;966,1;11468,66;3644388,32;335236,7;3979625,02;1;0;1;0;0;0
ND;2018-2019;18001;32393;Grand Forks Public School District;Central High School;3808130;380813000254;1004; 09-12;4;1004;September Count;11549,83;363,59;11913,42;11596029,32;365044,36;11961073,68;1;0;1;0;0;0
ND;2018-2019;18001;13641;Grand Forks Public School District;Century Elementary School;3808130;380813000824;456; PK-05;2;451;September Count;11335,48;921,35;12256,83;5112301,48;415528,85;5527830,33;1;0;1;0;0;0
ND;2018-2019;18001;15303;Grand Forks Public School District;Community Alternative High School;3808130;380813000755;85; 09-12;4;85;September Count;14313,72;1025,36;15339,08;1216666,2;87155,6;1303821,8;1;0;1;0;0;0
ND;2018-2019;18001;18561;Grand Forks Public School District;Discovery Elementary School;3808130;380813000874;490; PK-05;2;463;September Count;10820,92;338,63;11159,54;5010085,96;156785,69;5166867,02;1;0;1;0;0;0
ND;2018-2019;18001;44991;Grand Forks Public School District;J Nelson Kelly Elementary School;3808130;380813000255;476; PK-05;2;471;September Count;10317,56;208,58;10526,14;4859570,76;98241,18;4957811,94;1;0;1;0;0;0
ND;2018-2019;18001;51251;Grand Forks Public School District;Lake Agassiz Elementary School;3808130;380813000256;402; PK-05;2;375;September Count;12124,93;1432,58;13557,51;4546848,75;537217,5;5084066,25;1;0;1;0;0;0
ND;2018-2019;18001;52251;Grand Forks Public School District;Lewis And Clark Elementary School;3808130;380813000257;192; PK-05;2;192;September Count;13638,59;1161,38;14799,97;2618609,28;222984,96;2841594,24;1;0;1;0;0;0
ND;2018-2019;18001;59831;Grand Forks Public School District;Nathan Twining Elementary School;3808130;380813000259;206; PK-05;2;205;September Count;12750,53;217,77;12968,3;2613858,65;44642,85;2658501,5;1;0;1;0;0;0
ND;2018-2019;18001;59832;Grand Forks Public School District;Nathan Twining Middle School;3808130;380813000814;79; 06-08;3;79;September Count;12750,53;217,77;12968,3;1007291,87;17203,83;1024495,7;1;0;1;0;0;0
ND;2018-2019;18001;08921;Grand Forks Public School District;Phoenix Elementary School;3808130;380813000251;215; PK-05;2;201;September Count;14085,85;2093,95;16179,8;2831255,85;420883,95;3252139,8;1;0;1;0;0;0
ND;2018-2019;18001;73603;Grand Forks Public School District;Red River High School;3808130;380813000261;1028; 09-12;4;1028;September Count;11781,38;1249,18;13030,56;12111258,64;1284157,04;13395415,68;1;0;1;0;0;0
ND;2018-2019;18001;77712;Grand Forks Public School District;Schroeder Middle School;3808130;380813000263;480; 06-08;3;480;September Count;13953,2;210,14;14163,34;6697536;100867,2;6798403,2;1;0;1;0;0;0
ND;2018-2019;18001;80622;Grand Forks Public School District;South Middle School;3808130;380813000264;567; 06-08;3;567;September Count;12906,51;253,25;13159,76;7317991,17;143592,75;7461583,92;1;0;1;0;0;0
ND;2018-2019;18001;89752;Grand Forks Public School District;Valley Middle School;3808130;380813000265;596; 06-08;3;596;September Count;11233,26;815,48;12048,74;6695022,96;486026,08;7181049,04;1;0;1;0;0;0
ND;2018-2019;18001;90341;Grand Forks Public School District;Viking Elementary School;3808130;380813000266;333; PK-05;2;331;September Count;11000,32;897,98;11898,3;3641105,92;297231,38;3938337,3;1;0;1;0;0;0
ND;2018-2019;18001;93131;Grand Forks Public School District;West Elementary School;3808130;380813000267;120; PK-05;2;90;September Count;17224,93;1170,82;18395,75;1550243,7;105373,8;1655617,5;1;0;1;0;0;1
ND;2018-2019;18001;94061;Grand Forks Public School District;Wilder Elementary School;3808130;380813000268;170; PK-05;2;168;September Count;12499,85;828,05;13327,9;2099974,8;139112,4;2239087,2;1;0;1;0;0;0
ND;2018-2019;18001;94751;Grand Forks Public School District;Winship Elementary School;3808130;380813000269;209; PK-05;2;209;September Count;13133,54;1582,35;14715,89;2744909,86;330711,15;3075621,01;1;0;1;0;0;0
ND;2018-2019;53099;32811;Grenora Public School District;Grenora Elementary School;3808460;380846000273;100; KG-06;2;100;September Count;16386,73;237,56;16624,29;1638673;23756;1662429;1;0;1;0;0;0
ND;2018-2019;53099;32813;Grenora Public School District;Grenora High School;3808460;380846000274;79; 07-12;4;79;September Count;16386,73;237,56;16624,29;1294551,67;18767,24;1313318,91;1;0;1;0;0;0
ND;2018-2019;20018;15551;Griggs County Central Public School District;Griggs County Central Elementary School;3804560;380456000164;181; PK-08;3;174;September Count;12228,01;420,41;12648,41;2127673,74;73151,34;2200823,34;1;0;1;0;0;0
ND;2018-2019;20018;15553;Griggs County Central Public School District;Griggs County Central High School;3804560;380456000116;72; 09-12;4;72;September Count;12228,01;420,41;12648,41;880416,72;30269,52;910685,52;1;0;1;0;0;0
ND;2018-2019;13019;33901;Halliday Public School District;Halliday Elementary School;3808610;380861000277;23; KG-06;2;23;September Count;35580,61;295,91;35876,52;818354,03;6805,93;825159,96;1;0;1;0;0;0
ND;2018-2019;39008;34321;Hankinson Public School District;Hankinson Elementary School;3808710;380871000281;132; PK-06;2;126;September Count;11782,5;114,98;11897,48;1484595;14487,48;1499082,48;1;0;1;0;0;0
ND;2018-2019;39008;34323;Hankinson Public School District;Hankinson High School;3808710;380871000283;132; 07-12;4;132;September Count;11782,5;114,98;11897,48;1555290;15177,36;1570467,36;1;0;1;0;0;0
ND;2018-2019;52038;34781;Harvey Public School District;BM Hanson Elementary School;3808890;380889000287;216; PK-06;2;216;September Count;10508,84;769,95;11278,79;2269909,44;166309,2;2436218,64;1;0;1;0;0;0
ND;2018-2019;52038;34793;Harvey Public School District;Harvey High School;3808890;380889000288;175; 07-12;4;175;September Count;11979,01;10,23;11989,24;2096326,75;1790,25;2098117;1;0;1;0;0;0
ND;2018-2019;49007;35041;Hatton Eielson Public School District;Hatton Eielson Elementary School;3809000;380900000289;92; PK-06;2;91;September Count;11865,72;406,02;12271,74;1079780,52;36947,82;1116728,34;1;0;1;0;0;0
ND;2018-2019;49007;35043;Hatton Eielson Public School District;Hatton Eielson High School;3809000;380900000290;89; 07-12;4;89;September Count;11865,72;406,02;12271,74;1056049,08;36135,78;1092184,86;1;0;1;0;0;0
ND;2018-2019;15006;35251;Hazelton-Moffit-Braddock Public School District;Hazelton-Moffit-Braddock Elementary School;3809130;380913000291;69; PK-06;2;64;September Count;13825,16;592,42;14417,58;884810,24;37914,88;922725,12;1;0;1;0;0;0
ND;2018-2019;15006;35253;Hazelton-Moffit-Braddock Public School District;Hazelton-Moffit-Braddock High School;3809130;380913000141;57; 07-12;4;57;September Count;13825,16;592,42;14417,58;788034,12;33767,94;821802,06;1;0;1;0;0;0
ND;2018-2019;29003;35281;Hazen Public School District;Hazen Elementary School;3800031;380003100293;268; PK-05;2;254;September Count;8785,73;472,52;9258,25;2231575,42;120020,08;2351595,5;1;0;1;0;0;0
ND;2018-2019;29003;35293;Hazen Public School District;Hazen High School;3800031;380003100294;169; 09-12;4;169;September Count;10366,15;185,24;10551,38;1751879,35;31305,56;1783183,22;1;0;1;0;0;0
ND;2018-2019;29003;35302;Hazen Public School District;Hazen Middle School;3800031;380003100863;122; 06-08;3;122;September Count;7868,09;51,25;7919,34;959906,98;6252,5;966159,48;1;0;1;0;0;0
ND;2018-2019;30013;35371;Hebron Public School District;Hebron Elementary School;3809180;380918000295;107; PK-06;2;103;September Count;13871,44;561,23;14432,67;1428758,32;57806,69;1486565,01;1;0;1;0;0;0
ND;2018-2019;30013;35373;Hebron Public School District;Hebron High School;3809180;380918000296;55; 07-12;4;55;September Count;13871,44;561,23;14432,67;762929,2;30867,65;793796,85;1;0;1;0;0;0
ND;2018-2019;01013;35991;Hettinger Public School District;Hettinger Elementary School;3809410;380941000298;180; PK-06;2;154;September Count;11762,67;335,1;12097,77;1811451,18;51605,4;1863056,58;1;0;1;0;0;0
ND;2018-2019;01013;35993;Hettinger Public School District;Hettinger High School;3809410;380941000299;107; 07-12;4;107;September Count;11762,67;335,1;12097,77;1258605,69;35855,7;1294461,39;1;0;1;0;0;0
ND;2018-2019;49009;36331;Hillsboro Public School District;Hillsboro Elementary School;3809570;380957000301;260; PK-06;2;255;September Count;9160,83;498,44;9659,27;2336011,65;127102,2;2463113,85;1;0;1;0;0;0
ND;2018-2019;49009;36303;Hillsboro Public School District;Hillsboro High School;3809570;380957000302;226; 07-12;4;226;September Count;9650,76;0;9650,76;2181071,76;0;2181071,76;1;0;1;0;0;0
ND;2018-2019;49009;80781;Hillsboro Public School District;Spruce Lane Colony School;3809570;380957000871;8; KG-08;3;8;September Count;11800,23;0;11800,23;94401,84;0;94401,84;1;0;1;0;0;0
ND;2018-2019;46010;37293;Hope Public School District;Hope High School;3809710;380971000161;67; 07-12;4;67;September Count;22797,19;173,3;22970,49;1527411,73;11611,1;1539022,83;1;0;1;0;0;0
ND;2018-2019;27032;37411;Horse Creek Public School District;Horse Creek School;3809810;380981000305;7; KG-08;3;7;September Count;15033,59;746,41;15780;105235,13;5224,87;110460;1;0;1;0;0;0
ND;2018-2019;47001;45703;Jamestown Public School District;Jamestown High School;3800021;380002100310;696; 09-12;4;696;September Count;11563,37;617,07;12180,44;8048105,52;429480,72;8477586,24;1;0;1;0;0;0
ND;2018-2019;47001;45732;Jamestown Public School District;Jamestown Middle School;3800021;380002100311;539; 06-08;3;539;September Count;10320,61;603,93;10924,54;5562808,79;325518,27;5888327,06;1;0;1;0;0;0
ND;2018-2019;47001;52841;Jamestown Public School District;Lincoln Elementary School;3800021;380002100312;228; KG-05;2;228;September Count;9264,49;1546,76;10811,25;2112303,72;352661,28;2464965;1;0;1;0;0;0
ND;2018-2019;47001;53301;Jamestown Public School District;Louis L'amour Elementary School;3800021;380002100825;102; KG-05;2;102;September Count;12875,16;541,29;13416,45;1313266,32;55211,58;1368477,9;1;0;1;0;0;0
ND;2018-2019;47001;75711;Jamestown Public School District;Roosevelt Elementary School;3800021;380002100313;229; KG-05;2;229;September Count;9822,94;1572,51;11395,44;2249453,26;360104,79;2609555,76;1;0;1;0;0;0
ND;2018-2019;47001;92471;Jamestown Public School District;Washington Elementary School;3800021;380002100314;106; KG-05;2;106;September Count;12761,14;1749,1;14510,24;1352680,84;185404,6;1538085,44;1;0;1;0;0;0
ND;2018-2019;47001;46041;Jamestown Public School District;William S Gussner Elementary School;3800021;380002100315;252; PK-05;2;238;September Count;10268,92;604,92;10873,84;2444002,96;143970,96;2587973,92;1;0;1;0;0;0
ND;2018-2019;51028;48781;Kenmare Public School District;Kenmare Elementary School;3810180;381018000731;224; PK-08;3;220;September Count;4020,69;0;4020,69;884551,8;0;884551,8;1;0;1;0;0;1
ND;2018-2019;51028;48823;Kenmare Public School District;Kenmare High School;3810180;381018000326;83; 09-12;4;83;September Count;32448,55;0;32448,55;2693229,65;0;2693229,65;1;0;1;0;0;0
ND;2018-2019;47019;48921;Kensal Public School District;Kensal Elementary School;3810260;381026000329;52; PK-06;2;33;September Count;11288,23;932,92;12221,15;372511,59;30786,36;403297,95;1;0;1;0;0;1
ND;2018-2019;22001;82321;Kidder County Public School District;Steele-Dawson Elementary School;3800389;380038900611;196; PK-06;2;163;September Count;11569,17;994,96;12564,12;1885774,71;162178,48;2047951,56;1;0;1;0;0;0
ND;2018-2019;22001;82323;Kidder County Public School District;Steele-Dawson High School;3800389;380038900612;155; 07-12;4;155;September Count;11569,17;994,96;12564,12;1793221,35;154218,8;1947438,6;1;0;1;0;0;0
ND;2018-2019;22001;83181;Kidder County Public School District;Tappen Elementary School;3800389;380038900624;34; PK-06;2;33;September Count;14196,43;1112,85;15309,28;468482,19;36724,05;505206,24;1;0;1;0;0;0
ND;2018-2019;13016;49271;Killdeer Public School District;Killdeer Elementary School;3810270;381027000331;367; PK-06;2;327;September Count;10544,33;48,37;10592,71;3447995,91;15816,99;3463816,17;1;0;1;0;0;0
ND;2018-2019;13016;49273;Killdeer Public School District;Killdeer High School;3810270;381027000332;228; 07-12;4;228;September Count;10544,33;48,37;10592,71;2404107,24;11028,36;2415137,88;1;0;1;0;0;0
ND;2018-2019;09002;49331;Kindred Public School District;Kindred Elementary School;3800025;380002500334;456; PK-06;2;424;September Count;6034,87;325,63;6360,5;2558784,88;138067,12;2696852;1;0;1;0;0;0
ND;2018-2019;09002;49343;Kindred Public School District;Kindred High School;3800025;380002500335;339; 07-12;4;339;September Count;10948,87;0;10948,87;3711666,93;0;3711666,93;1;0;1;0;0;0
ND;2018-2019;23007;50721;Kulm Public School District;Kulm Elementary School;3810500;381050000338;99; PK-08;3;88;September Count;14820,52;626,65;15447,17;1304205,76;55145,2;1359350,96;1;0;1;0;0;0
ND;2018-2019;23007;50723;Kulm Public School District;Kulm High School;3810500;381050000339;41; 09-12;4;41;September Count;14820,52;626,65;15447,17;607641,32;25692,65;633333,97;1;0;1;0;0;0
ND;2018-2019;32066;51371;Lakota Public School District;Lakota Elementary School;3810600;381060000341;90; PK-06;2;86;September Count;11066,99;790,33;11857,32;951761,14;67968,38;1019729,52;1;0;1;0;0;0
ND;2018-2019;32066;51363;Lakota Public School District;Lakota High School;3810600;381060000342;67; 07-12;4;67;September Count;16209,78;27,29;16237,06;1086055,26;1828,43;1087883,02;1;0;1;0;0;0
ND;2018-2019;23008;51441;Lamoure Public School District;Lamoure Colony School;3810740;381074000346;31; KG-08;3;31;September Count;6198,53;0;6198,53;192154,43;0;192154,43;1;0;1;0;0;0
ND;2018-2019;23008;51451;Lamoure Public School District;Lamoure Elementary School;3810740;381074000343;169; PK-08;3;162;September Count;10725,19;1367,73;12092,91;1737480,78;221572,26;1959051,42;1;0;1;0;0;0
ND;2018-2019;23008;51453;Lamoure Public School District;Lamoure High School;3810740;381074000345;106; 09-12;4;106;September Count;10725,19;1367,73;12092,91;1136870,14;144979,38;1281848,46;1;0;1;0;0;0
ND;2018-2019;10023;51541;Langdon Area Public School District;Langdon Area Elementary School;3810810;381081000347;208; PK-06;2;203;September Count;12228,14;572,87;12801,01;2482312,42;116292,61;2598605,03;1;0;1;0;0;0
ND;2018-2019;10023;51533;Langdon Area Public School District;Langdon Area High School;3810810;381081000348;181; 07-12;4;181;September Count;12243,23;544,09;12787,32;2216024,63;98480,29;2314504,92;1;0;1;0;0;0
ND;2018-2019;18044;51631;Larimore Public School District;Larimore Elementary School;3810860;381086000354;229; PK-06;2;209;September Count;9054,42;488,35;9542,77;1892373,78;102065,15;1994438,93;1;0;1;0;0;0
ND;2018-2019;18044;51693;Larimore Public School District;Larimore High School;3810860;381086000355;165; 07-12;4;165;September Count;10091,23;2,36;10093,59;1665052,95;389,4;1665442,35;1;0;1;0;0;0
ND;2018-2019;03006;51841;Leeds Public School District;Leeds Elementary School;3810980;381098000357;84; PK-08;3;78;September Count;13633,81;606,07;14239,88;1063437,18;47273,46;1110710,64;1;0;1;0;0;0
ND;2018-2019;03006;51843;Leeds Public School District;Leeds High School;3810980;381098000358;53; 09-12;4;53;September Count;13633,81;606,07;14239,88;722591,93;32121,71;754713,64;1;0;1;0;0;0
ND;2018-2019;51161;09161;Lewis And Clark Public School District;Berthold Elementary School;3800058;380005800029;117; PK-06;2;110;September Count;11615,58;313,14;11928,72;1277713,8;34445,4;1312159,2;1;0;1;0;0;0
ND;2018-2019;51161;09163;Lewis And Clark Public School District;Berthold High School;3800058;380005800030;117; 07-12;4;117;September Count;11615,58;313,14;11928,72;1359022,86;36637,38;1395660,24;1;0;1;0;0;0
ND;2018-2019;51161;71081;Lewis And Clark Public School District;North Shore Plaza Elementary School;3800058;380005800537;130; PK-06;2;111;September Count;11615,58;313,14;11928,72;1289329,38;34758,54;1324087,92;1;0;1;0;0;0
ND;2018-2019;51161;71083;Lewis And Clark Public School District;North Shore Plaza High School;3800058;380005800507;57; 07-12;4;57;September Count;11615,58;313,14;11928,72;662088,06;17848,98;679937,04;1;0;1;0;0;0
ND;2018-2019;39028;52601;Lidgerwood Public School District;Lidgerwood Elementary School;3811140;381114000365;97; PK-06;2;89;September Count;12951,71;548,2;13499,91;1152702,19;48789,8;1201491,99;1;0;1;0;0;0
ND;2018-2019;39028;52603;Lidgerwood Public School District;Lidgerwood High School;3811140;381114000366;84; 07-12;4;84;September Count;12951,71;548,2;13499,91;1087943,64;46048,8;1133992,44;1;0;1;0;0;0
ND;2018-2019;15036;52881;Linton Public School District;Linton Elementary School;3800017;380001700370;176; PK-08;3;161;September Count;14092,36;564,56;14656,91;2268869,96;90894,16;2359762,51;1;0;1;0;0;0
ND;2018-2019;15036;52883;Linton Public School District;Linton High School;3800017;380001700371;84; 09-12;4;84;September Count;14092,36;564,56;14656,91;1183758,24;47423,04;1231180,44;1;0;1;0;0;0
ND;2018-2019;37019;52901;Lisbon Public School District;Lisbon Elementary School;3811430;381143000373;216; PK-04;2;209;September Count;9506,48;294,05;9800,53;1986854,32;61456,45;2048310,77;1;0;1;0;0;0
ND;2018-2019;37019;52963;Lisbon Public School District;Lisbon High School;3811430;381143000374;187; 09-12;4;187;September Count;11133,35;294,05;11427,4;2081936,45;54987,35;2136923,8;1;0;1;0;0;0
ND;2018-2019;37019;52931;Lisbon Public School District;Lisbon Middle School;3811430;381143000375;197; 05-08;3;197;September Count;9249,1;294,05;9543,15;1822072,7;57927,85;1880000,55;1;0;1;0;0;0
ND;2018-2019;02046;52981;Litchville-Marion Public School District;Litchville-Marion Elementary School;3800057;380005700376;96; PK-05;2;69;September Count;16732,39;1516,68;18249,07;1154534,91;104650,92;1259185,83;1;0;1;0;0;1
ND;2018-2019;02046;54833;Litchville-Marion Public School District;Litchville-Marion High School;3800057;380005700399;33; 06-12;4;33;September Count;16732,39;1516,68;18249,07;552168,87;50050,44;602219,31;1;0;1;0;0;0
ND;2018-2019;30004;81231;Little Heart Public School District;Little Heart Elementary School;3811540;381154000378;22; PK-08;3;22;September Count;14756,65;0;14756,65;324646,3;0;324646,3;1;0;1;0;0;0
ND;2018-2019;17006;31911;Lone Tree Public School District;Golva Elementary School;3811610;381161000379;30; PK-08;3;28;September Count;18073,08;513,43;18586,51;506046,24;14376,04;520422,28;1;0;1;0;0;0
ND;2018-2019;03009;09021;Maddock Public School District;Maddock Elementary School;3811700;381170000381;102; PK-08;3;86;September Count;12591,88;732,09;13323,97;1082901,68;62959,74;1145861,42;1;0;1;0;0;0
ND;2018-2019;03009;09023;Maddock Public School District;Maddock High School;3811700;381170000382;38; 09-12;4;38;September Count;12591,88;732,09;13323,97;478491,44;27819,42;506310,86;1;0;1;0;0;0
ND;2018-2019;30001;10573;Mandan Public School District;Brave Center Academy;3811820;381182000858;23; 09-12;4;23;September Count;11070,41;432,05;11502,46;254619,43;9937,15;264556,58;1;0;1;0;0;0
ND;2018-2019;30001;16561;Mandan Public School District;Custer Elementary School;3811820;381182000384;128; PK-05;2;115;September Count;12468,15;435,26;12903,41;1433837,25;50054,9;1483892,15;1;0;1;0;0;0
ND;2018-2019;30001;29251;Mandan Public School District;Ft Lincoln Elementary School;3811820;381182000081;479; KG-05;2;479;September Count;9304,49;609,61;9914,11;4456850,71;292003,19;4748858,69;1;0;1;0;0;0
ND;2018-2019;30001;52281;Mandan Public School District;Lewis And Clark Elementary School;3811820;381182000386;424; PK-05;2;410;September Count;9613,04;577,93;10190,97;3941346,4;236951,3;4178297,7;1;0;1;0;0;0
ND;2018-2019;30001;54533;Mandan Public School District;Mandan High School;3811820;381182000387;1074; 09-12;4;1074;September Count;10566,46;498,09;11064,54;11348378,04;534948,66;11883315,96;1;0;1;0;0;0
ND;2018-2019;30001;54572;Mandan Public School District;Mandan Middle School;3811820;381182000388;952; 06-08;3;952;September Count;9651,71;511,7;10163,41;9188427,92;487138,4;9675566,32;1;0;1;0;0;0
ND;2018-2019;30001;82861;Mandan Public School District;Mary Stark Elementary School;3811820;381182000390;215; PK-05;2;204;September Count;10601,37;439,73;11041,1;2162679,48;89704,92;2252384,4;1;0;1;0;0;0
ND;2018-2019;30001;73611;Mandan Public School District;Red Trail Elementary School;3811820;381182000870;366; KG-05;2;366;September Count;9603,81;693,2;10297,02;3514994,46;253711,2;3768709,32;1;0;1;0;0;0
ND;2018-2019;30001;75691;Mandan Public School District;Roosevelt Elementary School;3811820;381182000391;287; PK-05;2;267;September Count;10930,28;432,77;11363,05;2918384,76;115549,59;3033934,35;1;0;1;0;0;0
ND;2018-2019;27036;54591;Mandaree Public School District;Mandaree Elementary School;3811850;381185000747;NA; PK-08;3;172;September Count;5106,41;17630,28;22736,7;878302,52;3032408,16;3910712,4;1;0;1;0;0;1
ND;2018-2019;27036;54593;Mandaree Public School District;Mandaree High School;3811850;381185000006;NA; 09-12;4;50;September Count;5106,41;17630,28;22736,7;255320,5;881514;1136835;1;0;1;0;0;1
ND;2018-2019;08045;54661;Manning Public School District;Manning Elementary School;3811970;381197000393;11; KG-08;3;11;September Count;18228,69;0;18228,69;200515,59;0;200515,59;1;0;1;0;0;0
ND;2018-2019;18125;54731;Manvel Public School District;Manvel Elementary School;3812000;381200000394;184; PK-08;3;162;September Count;8426,74;1552,77;9979,51;1365131,88;251548,74;1616680,62;1;0;1;0;0;0
ND;2018-2019;09004;11481;Maple Valley Public School District;Maple Valley Elementary School;3812020;381202000889;122; PK-06;2;122;September Count;16649,59;395,09;17044,68;2031249,98;48200,98;2079450,96;1;0;1;0;0;0
ND;2018-2019;09004;11483;Maple Valley Public School District;Maple Valley High School;3812020;381202000395;87; 07-12;4;87;September Count;16649,59;395,09;17044,68;1448514,33;34372,83;1482887,16;1;0;1;0;0;0
ND;2018-2019;09004;93601;Maple Valley Public School District;Wheatland Colony School;3812020;381202000851;5; KG-08;3;5;September Count;17838,91;0;17838,91;89194,55;0;89194,55;1;0;1;0;0;0
ND;2018-2019;09007;54791;Mapleton Public School District;Mapleton Elementary School;3812030;381203000397;163; PK-06;2;144;September Count;10441,9;226,58;10668,48;1503633,6;32627,52;1536261,12;1;0;1;0;0;0
ND;2018-2019;44012;54861;Marmarth Public School District;Marmarth Elementary School;3812120;381212000400;15; PK-08;3;13;September Count;23817,85;1516,93;25334,79;309632,05;19720,09;329352,27;1;0;1;0;0;0
ND;2018-2019;28050;55191;Max Public School District;Max Elementary School;3812350;381235000401;113; PK-06;2;102;September Count;11737,52;508,55;12246,07;1197227,04;51872,1;1249099,14;1;0;1;0;0;0
ND;2018-2019;28050;55193;Max Public School District;Max High School;3812350;381235000402;86; 07-12;4;86;September Count;11737,52;508,55;12246,07;1009426,72;43735,3;1053162,02;1;0;1;0;0;0
ND;2018-2019;49014;55263;May-Port Cg Public School District;May-Port CG High School;3800041;380004100406;154; 09-12;4;154;September Count;9685,25;116,1;9801,34;1491528,5;17879,4;1509406,36;1;0;1;0;0;0
ND;2018-2019;49014;55262;May-Port Cg Public School District;May-Port CG Middle School;3800041;380004100019;115; 06-08;3;115;September Count;9685,25;116,1;9801,34;1113803,75;13351,5;1127154,1;1;0;1;0;0;0
ND;2018-2019;49014;71451;May-Port Cg Public School District;Peter Boe Jr Elementary School;3800041;380004100405;224; PK-05;2;217;September Count;9804,55;710,32;10514,87;2127587,35;154139,44;2281726,79;1;0;1;0;0;0
ND;2018-2019;42019;53201;Mcclusky Public School District;McClusky Elementary School;3812430;381243000407;55; PK-06;2;48;September Count;12954,21;737,75;13691,95;621802,08;35412;657213,6;1;0;1;0;0;0
ND;2018-2019;42019;55323;Mcclusky Public School District;McClusky High School;3812430;381243000408;36; 07-12;4;36;September Count;21159,39;737,75;21897,13;761738,04;26559;788296,68;1;0;1;0;0;0
ND;2018-2019;27001;56071;Mckenzie Co Public School District;Watford City Elementary School;3812540;381254000414;995; PK-05;2;965;September Count;7809,14;1091,01;8900,15;7535820,1;1052824,65;8588644,75;1;0;1;0;0;0
ND;2018-2019;27001;56063;Mckenzie Co Public School District;Watford City High School;3812540;381254000415;439; 09-12;4;439;September Count;9137,16;1939,68;11076,85;4011213,24;851519,52;4862737,15;1;0;1;0;0;0
ND;2018-2019;27001;56092;Mckenzie Co Public School District;Watford City Middle School;3812540;381254000886;398; 06-08;3;398;September Count;6283,06;1559,99;7843,05;2500657,88;620876,02;3121533,9;1;0;1;0;0;0
ND;2018-2019;47003;56571;Medina Public School District;Medina Elementary School;3812660;381266000418;107; PK-06;2;91;September Count;12310,41;189,18;12499,59;1120247,31;17215,38;1137462,69;1;0;1;0;0;0
ND;2018-2019;47003;56573;Medina Public School District;Medina High School;3812660;381266000419;59; 07-12;4;59;September Count;12310,41;189,18;12499,59;726314,19;11161,62;737475,81;1;0;1;0;0;0
ND;2018-2019;08033;56661;Menoken Public School District;Menoken Elementary School;3812720;381272000420;44; KG-08;3;44;September Count;9127,23;7,1;9134,34;401598,12;312,4;401910,96;1;0;1;0;0;0
ND;2018-2019;20007;09581;Midkota Public School District;Midkota Elementary School;3800042;380004200042;105; PK-06;2;102;September Count;11387,89;635,95;12023,84;1161564,78;64866,9;1226431,68;1;0;1;0;0;0
ND;2018-2019;20007;31723;Midkota Public School District;Midkota High School;3800042;380004200239;75; 07-12;4;75;September Count;14312,38;635,95;14948,33;1073428,5;47696,25;1121124,75;1;0;1;0;0;0
ND;2018-2019;18128;57071;Midway Public School District;Midway Elementary School;3812920;381292000424;113; PK-08;3;100;September Count;14076,5;1113,13;15189,63;1407650;111313;1518963;1;0;1;0;0;0
ND;2018-2019;18128;57073;Midway Public School District;Midway High School;3812920;381292000110;59; 09-12;4;59;September Count;14076,5;1113,13;15189,63;830513,5;65674,67;896188,17;1;0;1;0;0;0
ND;2018-2019;41002;57191;Milnor Public School District;Milnor Elementary School;3812930;381293000426;110; PK-06;2;109;September Count;14305,25;852,02;15157,28;1559272,25;92870,18;1652143,52;1;0;1;0;0;0
ND;2018-2019;41002;57193;Milnor Public School District;Milnor High School;3812930;381293000427;74; 07-12;4;74;September Count;14305,25;852,02;15157,28;1058588,5;63049,48;1121638,72;1;0;1;0;0;0
ND;2018-2019;41002;77571;Milnor Public School District;Sundale Colony Elementary School;3812930;381293000733;24; PK-06;2;24;September Count;7336,04;0;7336,04;176064,96;0;176064,96;1;0;1;0;0;0
ND;2018-2019;41002;77573;Milnor Public School District;Sundale Colony High School;3812930;381293000896;16; 07-12;4;16;September Count;7336,04;0;7336,04;117376,64;0;117376,64;1;0;1;0;0;0
ND;2018-2019;03005;57411;Minnewaukan Public School District;Minnewaukan Elementary School;3812990;381299000430;199; PK-08;3;184;September Count;13950,01;2271,41;16221,42;2566801,84;417939,44;2984741,28;1;0;1;0;0;0
ND;2018-2019;03005;57413;Minnewaukan Public School District;Minnewaukan High School;3812990;381299000431;68; 09-12;4;68;September Count;13950,01;2271,41;16221,42;948600,68;154455,88;1103056,56;1;0;1;0;0;0
ND;2018-2019;51001;08691;Minot Public School District;Bel Air Elementary School;3813030;381303000432;275; KG-05;2;275;September Count;9904,54;831,26;10735,79;2723748,5;228596,5;2952342,25;1;0;1;0;0;0
ND;2018-2019;51001;08861;Minot Public School District;Bell Elementary School;3813030;381303000028;90; KG-05;2;90;September Count;14247,14;824,32;15071,46;1282242,6;74188,8;1356431,4;1;0;1;0;0;0
ND;2018-2019;51001;57503;Minot Public School District;Central Campus School;3813030;381303000433;989; 09-10;4;989;September Count;12139,83;495,23;12635,06;12006291,87;489782,47;12496074,34;1;0;1;0;0;0
ND;2018-2019;51001;17151;Minot Public School District;Dakota Elementary School;3813030;381303000434;289; PK-05;2;261;September Count;10001,32;453,07;10454,39;2610344,52;118251,27;2728595,79;1;0;1;0;0;0
ND;2018-2019;51001;21111;Minot Public School District;Edison Elementary School;3813030;381303000435;459; PK-05;2;439;September Count;9276,59;808,1;10084,7;4072423,01;354755,9;4427183,3;1;0;1;0;0;0
ND;2018-2019;51001;24802;Minot Public School District;Erik Ramstad Middle School;3813030;381303000436;695; 06-08;3;695;September Count;11073,29;748,93;11822,22;7695936,55;520506,35;8216442,9;1;0;1;0;0;0
ND;2018-2019;51001;46452;Minot Public School District;Jim Hill Middle School;3813030;381303000439;782; 06-08;3;782;September Count;9891,58;896,35;10787,93;7735215,56;700945,7;8436161,26;1;0;1;0;0;0
ND;2018-2019;51001;46701;Minot Public School District;John Hoeven Elementary School;3813030;381303000879;470; PK-05;2;458;September Count;10013,23;859,67;10872,91;4586059,34;393728,86;4979792,78;1;0;1;0;0;0
ND;2018-2019;51001;61261;Minot Public School District;Lewis And Clark Elementary School;3813030;381303000445;506; PK-05;2;489;September Count;11118,34;1164,95;12283,29;5436868,26;569660,55;6006528,81;1;0;1;0;0;0
ND;2018-2019;51001;53261;Minot Public School District;Longfellow Elementary School;3813030;381303000441;438; PK-05;2;396;September Count;10928,76;989,51;11918,27;4327788,96;391845,96;4719634,92;1;0;1;0;0;0
ND;2018-2019;51001;57523;Minot Public School District;Magic City Campus High School;3813030;381303000442;918; 11-12;4;918;September Count;12093,82;516,44;12610,26;11102126,76;474091,92;11576218,68;1;0;1;0;0;0
ND;2018-2019;51001;56101;Minot Public School District;McKinley Elementary School;3813030;381303000443;105; KG-05;2;105;September Count;13100,76;1431,49;14532,25;1375579,8;150306,45;1525886,25;1;0;1;0;0;0
ND;2018-2019;51001;56602;Minot Public School District;Memorial Middle School;3813030;381303000444;163; 06-08;3;163;September Count;13609,63;444,02;14053,65;2218369,69;72375,26;2290744,95;1;0;1;0;0;0
ND;2018-2019;51001;57461;Minot Public School District;North Plains Elementary School;3813030;381303000446;276; KG-05;2;276;September Count;9951,42;516,45;10467,87;2746591,92;142540,2;2889132,12;1;0;1;0;0;0
ND;2018-2019;51001;69901;Minot Public School District;Perkett Elementary School;3813030;381303000447;397; PK-05;2;381;September Count;9330,51;541,33;9871,84;3554924,31;206246,73;3761171,04;1;0;1;0;0;0
ND;2018-2019;51001;75771;Minot Public School District;Roosevelt Elementary School;3813030;381303000448;128; PK-05;2;107;September Count;16007,07;1119,79;17126,86;1712756,49;119817,53;1832574,02;1;0;1;0;0;0
ND;2018-2019;51001;80473;Minot Public School District;Souris River Campus Alternative High School;3813030;381303000066;72; 09-12;4;72;September Count;27091,41;1965,08;29056,49;1950581,52;141485,76;2092067,28;1;0;1;0;0;0
ND;2018-2019;51001;82641;Minot Public School District;Sunnyside Elementary School;3813030;381303000449;266; KG-05;2;266;September Count;12610,87;1371,57;13982,45;3354491,42;364837,62;3719331,7;1;0;1;0;0;0
ND;2018-2019;51001;92491;Minot Public School District;Washington Elementary School;3813030;381303000450;361; KG-05;2;361;September Count;10522,64;1533,94;12056,58;3798673,04;553752,34;4352425,38;1;0;1;0;0;0
ND;2018-2019;50020;57591;Minto Public School District;Minto Elementary School;3813050;381305000451;225; PK-08;3;194;September Count;9150,42;716,53;9866,95;1775181,48;139006,82;1914188,3;1;0;1;0;0;0
ND;2018-2019;50020;57593;Minto Public School District;Minto High School;3813050;381305000452;64; 09-12;4;64;September Count;9150,42;716,53;9866,95;585626,88;45857,92;631484,8;1;0;1;0;0;0
ND;2018-2019;38001;57781;Mohall-Lansford-Sherwood Public School District;MLS-Mohall Elementary School;3800050;380005000453;181; PK-06;2;155;September Count;10851,78;299,96;11151,74;1682025,9;46493,8;1728519,7;1;0;1;0;0;0
ND;2018-2019;38001;57783;Mohall-Lansford-Sherwood Public School District;MLS-Mohall High School;3800050;380005000454;157; 07-12;4;157;September Count;10851,78;299,96;11151,74;1703729,46;47093,72;1750823,18;1;0;1;0;0;0
ND;2018-2019;47014;57941;Montpelier Public School District;Montpelier Elementary School;3813230;381323000458;58; PK-06;2;51;September Count;12333,97;2126,01;14459,99;629032,47;108426,51;737459,49;1;0;1;0;0;0
ND;2018-2019;47014;57943;Montpelier Public School District;Montpelier High School;3813230;381323000459;51; 07-12;4;51;September Count;12333,97;2126,01;14459,99;629032,47;108426,51;737459,49;1;0;1;0;0;0
ND;2018-2019;21001;58581;Mott-Regent Public School District;Mott-Regent Elementary School;3800046;380004600460;117; PK-06;2;113;September Count;11799,53;511,05;12310,58;1333346,89;57748,65;1391095,54;1;0;1;0;0;0
ND;2018-2019;21001;58583;Mott-Regent Public School District;Mott-Regent High School;3800046;380004600461;96; 07-12;4;96;September Count;11799,53;511,05;12310,58;1132754,88;49060,8;1181815,68;1;0;1;0;0;0
ND;2018-2019;40004;50551;Mt Pleasant Public School District;Mt Pleasant Elementary School;3813400;381340000463;152; PK-06;2;144;September Count;13009,05;1211,33;14220,38;1873303,2;174431,52;2047734,72;1;0;1;0;0;0
ND;2018-2019;40004;50553;Mt Pleasant Public School District;Mt Pleasant High School;3813400;381340000464;96; 07-12;4;96;September Count;13009,05;1211,33;14220,38;1248868,8;116287,68;1365156,48;1;0;1;0;0;0
ND;2018-2019;10019;58951;Munich Public School District;Munich Elementary School;3813440;381344000466;68; PK-08;3;68;September Count;7852,53;12865,33;20717,86;533972,04;874842,44;1408814,48;1;0;1;0;0;1
ND;2018-2019;10019;58953;Munich Public School District;Munich High School;3813440;381344000467;28; 09-12;4;28;September Count;7852,53;12865,33;20717,86;219870,84;360229,24;580100,08;1;0;1;0;0;1
ND;2018-2019;24002;59771;Napoleon Public School District;Napoleon Elementary School;3813510;381351000468;128; PK-06;2;125;September Count;11510,92;311,7;11822,62;1438865;38962,5;1477827,5;1;0;1;0;0;0
ND;2018-2019;24002;59773;Napoleon Public School District;Napoleon High School;3813510;381351000469;114; 07-12;4;114;September Count;11510,92;311,7;11822,62;1312244,88;35533,8;1347778,68;1;0;1;0;0;0
ND;2018-2019;08025;59851;Naughton Public School District;Naughton Elementary School;3800015;380001500471;9; PK-08;3;9;September Count;22466,11;156,1;22622,21;202194,99;1404,9;203599,89;1;0;1;0;0;0
ND;2018-2019;51004;60051;Nedrose Public School District;Nedrose Elementary School;3813660;381366000474;209; PK-03;2;182;September Count;10641,44;944,75;11586,19;1936742,08;171944,5;2108686,58;1;0;1;0;0;0
ND;2018-2019;51004;60061;Nedrose Public School District;Nedrose Elementary School 4-8;3813660;381366000876;225; 04-08;3;225;September Count;6968,25;0;6968,25;1567856,25;0;1567856,25;1;0;1;0;0;0
ND;2018-2019;51004;60063;Nedrose Public School District;Nedrose High School;3813660;381366000877;158; 09-12;4;158;September Count;6968,25;0;6968,25;1100983,5;0;1100983,5;1;0;1;0;0;0
ND;2018-2019;53002;73521;Nesson Public School District;Ray Elementary School;3813710;381371000477;271; PK-08;3;262;September Count;10102,1;340,2;10442,3;2646750,2;89132,4;2735882,6;1;0;1;0;0;0
ND;2018-2019;53002;73523;Nesson Public School District;Ray High School;3813710;381371000478;86; 09-12;4;86;September Count;10102,1;340,2;10442,3;868780,6;29257,2;898037,8;1;0;1;0;0;0
ND;2018-2019;21009;60261;New England Public School District;New England Elementary School;3800027;380002700486;181; PK-06;2;147;September Count;9673,5;326,87;10000,37;1422004,5;48049,89;1470054,39;1;0;1;0;0;0
ND;2018-2019;21009;60263;New England Public School District;New England High School;3800027;380002700487;114; 07-12;4;114;September Count;9673,5;326,87;10000,37;1102779;37263,18;1140042,18;1;0;1;0;0;0
ND;2018-2019;14002;59711;New Rockford-Sheyenne Public School District;New Rockford-Sheyenne Elementary School;3800059;380005900490;195; PK-06;2;163;September Count;9317,19;272,69;9589,88;1518701,97;44448,47;1563150,44;1;0;1;0;0;0
ND;2018-2019;14002;59713;New Rockford-Sheyenne Public School District;New Rockford-Sheyenne High School;3800059;380005900491;135; 07-12;4;135;September Count;9317,19;272,69;9589,88;1257820,65;36813,15;1294633,8;1;0;1;0;0;0
ND;2018-2019;30049;60333;New Salem-Almont Public School District;New Salem-Almont High School;3800392;380039200493;148; 07-12;4;148;September Count;12875,17;0;12875,17;1905525,16;0;1905525,16;1;0;1;0;0;0
ND;2018-2019;30049;71761;New Salem-Almont Public School District;Prairie View Elementary School;3800392;380039200494;194; KG-06;2;191;September Count;11803,27;0;11803,27;2254424,57;0;2254424,57;1;0;1;0;0;0
ND;2018-2019;31001;60361;New Town Public School District;Edwin Loe Elementary School;3813920;381392000495;533; PK-05;2;524;September Count;6541,58;7978,46;14520,04;3427787,92;4180713,04;7608500,96;1;0;1;0;0;1
ND;2018-2019;31001;60393;New Town Public School District;New Town High School;3813920;381392000015;267; 09-12;4;267;September Count;5588,23;6830,05;12418,28;1492057,41;1823623,35;3315680,76;1;0;1;0;0;1
ND;2018-2019;31001;60392;New Town Public School District;New Town Middle School;3813920;381392000496;224; 06-08;3;224;September Count;5588,23;6830,05;12418,28;1251763,52;1529931,2;2781694,72;1;0;1;0;0;1
ND;2018-2019;05054;60431;Newburg-United Public School District;Newburg-United Elementary School;3800825;380082500113;56; PK-06;2;53;September Count;19644,72;651,01;20295,73;1041170,16;34503,53;1075673,69;1;0;1;0;0;0
ND;2018-2019;05054;60433;Newburg-United Public School District;Newburg-United High School;3800825;380082500834;33; 07-12;4;33;September Count;19644,72;651,01;20295,73;648275,76;21483,33;669759,09;1;0;1;0;0;0
ND;2018-2019;34100;69821;North Border Public School District;North Border-Pembina Elementary School;3800054;380005400529;111; PK-08;3;100;September Count;15543,22;642,74;16185,96;1554322;64274;1618596;1;0;1;0;0;0
ND;2018-2019;34100;69823;North Border Public School District;North Border-Pembina High School;3800054;380005400530;31; 09-12;4;31;September Count;15543,22;642,74;16185,96;481839,82;19924,94;501764,76;1;0;1;0;0;0
ND;2018-2019;34100;91861;North Border Public School District;North Border-Walhalla Elementary School;3800054;380005400669;115; PK-08;3;112;September Count;14411,72;642,74;15054,46;1614112,64;71986,88;1686099,52;1;0;1;0;0;0
ND;2018-2019;34100;91863;North Border Public School District;North Border-Walhalla High School;3800054;380005400670;76; 09-12;4;76;September Count;14411,72;642,74;15054,46;1095290,72;48848,24;1144138,96;1;0;1;0;0;0
ND;2018-2019;41003;61301;North Sargent Public School District;North Sargent Elementary School;3814290;381429000504;146; PK-08;3;143;September Count;13475,64;390,3;13865,94;1927016,52;55812,9;1982829,42;1;0;1;0;0;0
ND;2018-2019;41003;61303;North Sargent Public School District;North Sargent High School;3814290;381429000505;70; 09-12;4;70;September Count;13475,64;390,3;13865,94;943294,8;27321;970615,8;1;0;1;0;0;0
ND;2018-2019;48010;12771;North Star Public School District;North Star Elementary School;3800390;380039000595;233; PK-08;3;200;September Count;9748,36;471,9;10220,25;1949672;94380;2044050;1;0;1;0;0;0
ND;2018-2019;48010;12773;North Star Public School District;North Star High School;3800390;380039000596;71; 09-12;4;71;September Count;9748,36;471,9;10220,25;692133,56;33504,9;725637,75;1;0;1;0;0;0
ND;2018-2019;09097;61211;Northern Cass Public School District;Northern Cass Elementary School;3800044;380004400119;308; PK-05;2;293;September Count;9353,96;191,21;9545,16;2740710,28;56024,53;2796731,88;1;0;1;0;0;0
ND;2018-2019;09097;61213;Northern Cass Public School District;Northern Cass High School;3800044;380004400138;176; 09-12;4;176;September Count;9353,96;191,21;9545,16;1646296,96;33652,96;1679948,16;1;0;1;0;0;0
ND;2018-2019;09097;61212;Northern Cass Public School District;Northern Cass Middle School;3800044;380004400120;149; 06-08;3;149;September Count;9353,96;191,21;9545,16;1393740,04;28490,29;1422228,84;1;0;1;0;0;0
ND;2018-2019;18129;61341;Northwood Public School District;Northwood Elementary School;3814340;381434000508;188; PK-06;2;187;September Count;9072,77;570,77;9643,54;1696607,99;106733,99;1803341,98;1;0;1;0;0;0
ND;2018-2019;18129;61343;Northwood Public School District;Northwood High School;3814340;381434000509;129; 07-12;4;129;September Count;9072,77;570,77;9643,54;1170387,33;73629,33;1244016,66;1;0;1;0;0;0
ND;2018-2019;11041;33081;Oakes Public School District;Oakes Elementary School;3814500;381450000513;284; PK-06;2;281;September Count;8218,09;424,82;8642,91;2309283,29;119374,42;2428657,71;1;0;1;0;0;0
ND;2018-2019;11041;62153;Oakes Public School District;Oakes High School;3814500;381450000514;209; 07-12;4;209;September Count;8982,02;163,8;9145,82;1877242,18;34234,2;1911476,38;1;0;1;0;0;0
ND;2018-2019;03016;62261;Oberon Public School District;Oberon Elementary School;3814520;381452000515;64; KG-08;3;64;September Count;13107,51;3700,59;16808,1;838880,64;236837,76;1075718,4;1;0;1;0;0;0
ND;2018-2019;09080;68821;Page Public School District;Page Elementary School;3814730;381473000521;87; PK-06;2;85;September Count;16565,64;793,92;17359,56;1408079,4;67483,2;1475562,6;1;0;1;0;0;0
ND;2018-2019;50008;92081;Park River Area Public School District;Park River Area Elementary School;3800401;380040100145;327; PK-06;2;238;September Count;8200,35;495,37;8695,72;1951683,3;117898,06;2069581,36;1;0;1;0;0;1
ND;2018-2019;50008;92083;Park River Area Public School District;Park River Area High School;3800401;380040100526;117; 07-12;4;176;September Count;8200,35;495,37;8695,72;1443261,6;87185,12;1530446,72;1;0;1;0;0;1
ND;2018-2019;31003;69231;Parshall Public School District;Parshall Elementary School;3814940;381494000527;172; PK-06;2;172;September Count;9275,77;2319,7;11595,47;1595432,44;398988,4;1994420,84;1;0;1;0;0;0
ND;2018-2019;31003;69253;Parshall Public School District;Parshall High School;3814940;381494000528;105; 07-12;4;105;September Count;23355,85;823,92;24179,77;2452364,25;86511,6;2538875,85;1;0;1;0;0;0
ND;2018-2019;47010;11441;Pingree-Buchanan Public School District;Pingree-Buchanan Elementary School;3815150;381515000818;92; PK-06;2;80;September Count;9991,19;0;9991,19;799295,2;0;799295,2;1;0;1;0;0;0
ND;2018-2019;47010;70873;Pingree-Buchanan Public School District;Pingree-Buchanan High School;3815150;381515000534;49; 07-12;4;49;September Count;17275,17;0;17275,17;846483,33;0;846483,33;1;0;1;0;0;0
ND;2018-2019;07027;71581;Powers Lake Public School District;Powers Lake Elementary School;3800024;380002400541;153; PK-08;3;152;September Count;13136,16;396,05;13532,21;1996696,32;60199,6;2056895,92;1;0;1;0;0;0
ND;2018-2019;07027;71583;Powers Lake Public School District;Powers Lake High School;3800024;380002400542;52; 09-12;4;52;September Count;13136,16;396,05;13532,21;683080,32;20594,6;703674,92;1;0;1;0;0;0
ND;2018-2019;45034;74331;Richardton-Taylor Public School District;Richardton-Taylor Elementary School;3800048;380004800893;83; 04-06;2;83;September Count;10094,48;334,31;10428,79;837841,84;27747,73;865589,57;1;0;1;0;0;0
ND;2018-2019;45034;74333;Richardton-Taylor Public School District;Richardton-Taylor High School;3800048;380004800551;142; 07-12;4;142;September Count;10094,48;334,31;10428,79;1433416,16;47472,02;1480888,18;1;0;1;0;0;0
ND;2018-2019;45034;83351;Richardton-Taylor Public School District;Taylor-Richardton Elementary School;3800048;380004800626;130; PK-03;2;109;September Count;10859,58;334,31;11193,89;1183694,22;36439,79;1220134,01;1;0;1;0;0;0
ND;2018-2019;39044;20311;Richland Public School District;Richland Elementary School;3800036;380003600552;154; PK-06;2;137;September Count;10773,69;677,37;11451,06;1475995,53;92799,69;1568795,22;1;0;1;0;0;0
ND;2018-2019;39044;61203;Richland Public School District;Richland Junior-Senior High School;3800036;380003600553;108; 07-12;4;108;September Count;14600,37;15,27;14615,63;1576839,96;1649,16;1578488,04;1;0;1;0;0;0
ND;2018-2019;40029;75551;Rolette Public School District;Rolette Elementary School;3816050;381605000558;117; PK-08;3;117;September Count;12475,46;1801,75;14277,21;1459628,82;210804,75;1670433,57;1;0;1;0;0;0
ND;2018-2019;40029;75553;Rolette Public School District;Rolette High School;3816050;381605000559;45; 09-12;4;45;September Count;12475,46;1801,75;14277,21;561395,7;81078,75;642474,45;1;0;1;0;0;0
ND;2018-2019;19018;13061;Roosevelt Public School District;Roosevelt Elementary School;3816090;381609000560;57; PK-08;3;51;September Count;17807,71;1777,98;19585,69;908193,21;90676,98;998870,19;1;0;1;0;0;0
ND;2018-2019;35005;76161;Rugby Public School District;Rugby Ely Elementary School;3816130;381613000562;363; PK-06;2;327;September Count;8990,88;582,43;9573,31;2940017,76;190454,61;3130472,37;1;0;1;0;0;0
ND;2018-2019;35005;76143;Rugby Public School District;Rugby High School;3816130;381613000563;258; 07-12;4;258;September Count;10835,51;582,03;11417,55;2795561,58;150163,74;2945727,9;1;0;1;0;0;0
ND;2018-2019;41006;77091;Sargent Central Public School District;Sargent Central Elementary School;3816430;381643000756;92; PK-06;2;79;September Count;16400,42;605,62;17006,04;1295633,18;47843,98;1343477,16;1;0;1;0;0;0
ND;2018-2019;41006;77093;Sargent Central Public School District;Sargent Central High School;3816430;381643000568;69; 07-12;4;69;September Count;16400,42;605,62;17006,04;1131628,98;41787,78;1173416,76;1;0;1;0;0;0
ND;2018-2019;51016;77171;Sawyer Public School District;Sawyer Elementary School;3816470;381647000569;44; PK-08;3;39;September Count;30785,57;1160,18;31945,75;1200637,23;45247,02;1245884,25;1;0;1;0;0;0
ND;2018-2019;06033;77851;Scranton Public School District;Scranton Elementary School;3800023;380002300571;76; PK-06;2;65;September Count;13779,08;359,45;14138,52;895640,2;23364,25;919003,8;1;0;1;0;0;0
ND;2018-2019;06033;77853;Scranton Public School District;Scranton High School;3800023;380002300572;63; 07-12;4;63;September Count;13779,08;359,45;14138,52;868082,04;22645,35;890726,76;1;0;1;0;0;0
ND;2018-2019;43008;78041;Selfridge Public School District;Selfridge Elementary School;3816510;381651000573;22; KG-06;2;22;September Count;27427,23;5718,48;33145,71;603399,06;125806,56;729205,62;1;0;1;0;0;0
ND;2018-2019;43008;78043;Selfridge Public School District;Selfridge High School;3816510;381651000574;37; 07-12;4;37;September Count;27427,23;5718,48;33145,71;1014807,51;211583,76;1226391,27;1;0;1;0;0;0
ND;2018-2019;43003;12781;Solen Public School District;Cannon Ball Elementary School;3816980;381698000585;121; PK-06;2;110;September Count;13075,18;5836,57;18911,75;1438269,8;642022,7;2080292,5;1;0;1;0;0;1
ND;2018-2019;43003;80363;Solen Public School District;Solen High School;3816980;381698000587;87; 07-12;4;87;September Count;13773,55;1824,45;15598;1198298,85;158727,15;1357026;1;0;1;0;0;0
ND;2018-2019;45009;80601;South Heart Public School District;South Heart Elementary School;3817130;381713000592;233; PK-06;2;213;September Count;10304,24;222,29;10526,53;2194803,12;47347,77;2242150,89;1;0;1;0;0;0
ND;2018-2019;45009;80603;South Heart Public School District;South Heart High School;3817130;381713000593;140; 07-12;4;140;September Count;10304,24;222,29;10526,53;1442593,6;31120,6;1473714,2;1;0;1;0;0;0
ND;2018-2019;51070;80681;South Prairie Public School District;South Prairie Elementary School;3817170;381717000594;370; PK-08;3;344;September Count;8930,95;622,85;9553,8;3072246,8;214260,4;3286507,2;1;0;1;0;0;0
ND;2018-2019;51070;80683;South Prairie Public School District;South Prairie High School;3817170;381717000875;104; 09-12;4;104;September Count;8930,95;622,85;9553,8;928818,8;64776,4;993595,2;1;0;1;0;0;0
ND;2018-2019;40003;81521;St John Public School District;Saint John Elementary School;3817460;381746000599;301; PK-08;3;296;September Count;10987,06;2431,37;13418,42;3252169,76;719685,52;3971852,32;1;0;1;0;0;0
ND;2018-2019;40003;81523;St John Public School District;Saint John High School;3817460;381746000600;119; 09-12;4;119;September Count;10987,06;2431,37;13418,42;1307460,14;289333,03;1596791,98;1;0;1;0;0;0
ND;2018-2019;34043;82121;St Thomas Public School District;Saint Thomas Elementary School;3817520;381752000602;39; PK-06;2;30;September Count;22204,42;2582,65;24787,07;666132,6;77479,5;743612,1;1;0;1;0;0;1
ND;2018-2019;34043;82123;St Thomas Public School District;Saint Thomas High School;3817520;381752000603;15; 07-12;4;15;September Count;22204,42;2582,65;24787,07;333066,3;38739,75;371806,05;1;0;1;0;0;0
ND;2018-2019;31002;82171;Stanley Public School District;Stanley Elementary School;3817570;381757000604;405; PK-06;2;402;September Count;10108,14;377,14;10485,27;4063472,28;151610,28;4215078,54;1;0;1;0;0;0
ND;2018-2019;31002;82183;Stanley Public School District;Stanley High School;3817570;381757000605;311; 07-12;4;311;September Count;11931,03;90,77;12021,8;3710550,33;28229,47;3738779,8;1;0;1;0;0;0
ND;2018-2019;36044;82301;Starkweather Public School District;Starkweather Elementary School;3817670;381767000608;37; PK-06;2;37;September Count;18168,08;1242,93;19411,01;672218,96;45988,41;718207,37;1;0;1;0;0;0
ND;2018-2019;36044;82303;Starkweather Public School District;Starkweather High School;3817670;381767000609;19; 07-12;4;19;September Count;18168,08;1242,93;19411,01;345193,52;23615,67;368809,19;1;0;1;0;0;0
ND;2018-2019;08035;82361;Sterling Public School District;Sterling Elementary School;3817760;381776000613;19; PK-08;3;19;September Count;26717,16;1058,79;27775,95;507626,04;20117,01;527743,05;1;0;1;0;0;0
ND;2018-2019;15015;82481;Strasburg Public School District;Strasburg Elementary School;3800016;380001600614;56; PK-06;2;50;September Count;14925,3;0;14925,3;746265;0;746265;1;0;1;0;0;0
ND;2018-2019;15015;82483;Strasburg Public School District;Strasburg High School;3800016;380001600615;72; 07-12;4;72;September Count;14925,3;0;14925,3;1074621,6;0;1074621,6;1;0;1;0;0;0
ND;2018-2019;51041;82661;Surrey Public School District;Surrey Elementary School;3817910;381791000618;260; PK-06;2;245;September Count;10315,81;732,23;11048,04;2527373,45;179396,35;2706769,8;1;0;1;0;0;0
ND;2018-2019;51041;82663;Surrey Public School District;Surrey High School;3817910;381791000619;157; 07-12;4;157;September Count;10315,81;732,23;11048,04;1619582,17;114960,11;1734542,28;1;0;1;0;0;0
ND;2018-2019;30017;82741;Sweet Briar Public School District;Sweet Briar School;3817940;381794000620;22; KG-08;3;22;September Count;10698,57;0;10698,57;235368,54;0;235368,54;1;0;1;0;0;0
ND;2018-2019;25060;32531;Tgu Public School District;TGU-Granville Elementary School;3800047;380004700270;80; KG-08;3;80;September Count;17470,86;655,1;18125,95;1397668,8;52408;1450076;1;0;1;0;0;0
ND;2018-2019;25060;32533;Tgu Public School District;TGU-Granville High School;3800047;380004700271;42; 09-12;4;42;September Count;17470,86;655,1;18125,95;733776,12;27514,2;761289,9;1;0;1;0;0;0
ND;2018-2019;25060;60461;Tgu Public School District;TGU-Towner Elementary School;3800047;380004700498;169; PK-08;3;161;September Count;11320,01;420,1;11740,11;1822521,61;67636,1;1890157,71;1;0;1;0;0;0
ND;2018-2019;25060;60463;Tgu Public School District;TGU-Towner High School;3800047;380004700499;47; 09-12;4;47;September Count;11320,01;420,1;11740,11;532040,47;19744,7;551785,17;1;0;1;0;0;0
ND;2018-2019;18061;84161;Thompson Public School District;Thompson Elementary School;3818280;381828000629;314; KG-06;2;314;September Count;8210,47;126,98;8337,45;2578087,58;39871,72;2617959,3;1;0;1;0;0;0
ND;2018-2019;18061;84163;Thompson Public School District;Thompson High School;3818280;381828000630;229; 07-12;4;229;September Count;8210,47;126,98;8337,45;1880197,63;29078,42;1909276,05;1;0;1;0;0;0
ND;2018-2019;53015;13601;Tioga Public School District;Central Elementary School;3800039;380003900633;284; PK-06;2;277;September Count;12626,67;486,34;13113,01;3497587,59;134716,18;3632303,77;1;0;1;0;0;0
ND;2018-2019;53015;84633;Tioga Public School District;Tioga High School;3800039;380003900635;174; 07-12;4;174;September Count;16538,12;0;16538,12;2877632,88;0;2877632,88;1;0;1;0;0;0
ND;2018-2019;28072;85621;Turtle Lake-Mercer Public School District;Turtle Lake-Mercer Elementary School;3818500;381850000640;113; PK-06;2;110;September Count;11874,07;1002,27;12876,34;1306147,7;110249,7;1416397,4;1;0;1;0;0;0
ND;2018-2019;28072;85623;Turtle Lake-Mercer Public School District;Turtle Lake-Mercer High School;3818500;381850000641;73; 07-12;4;73;September Count;11874,07;1002,27;12876,34;866807,11;73165,71;939972,82;1;0;1;0;0;0
ND;2018-2019;13037;85821;Twin Buttes Public School District;Twin Buttes Elementary School;3818600;381860000757;NA; KG-08;3;37;September Count;16325,94;24586,7;40912,64;604059,78;909707,9;1513767,68;1;0;1;0;0;1
ND;2018-2019;28008;88061;Underwood Public School District;Underwood Elementary School;3818660;381866000644;142; PK-06;2;114;September Count;12661,56;277,02;12938,58;1443417,84;31580,28;1474998,12;1;0;1;0;0;0
ND;2018-2019;28008;88063;Underwood Public School District;Underwood High School;3818660;381866000645;81; 07-12;4;81;September Count;12661,56;277,02;12938,58;1025586,36;22438,62;1048024,98;1;0;1;0;0;0
ND;2018-2019;51007;88191;United Public School District;Burlington-Des Lacs Elementary School;3818730;381873000646;502; PK-06;2;360;September Count;7071,35;292,87;7364,22;2545686;105433,2;2651119,2;1;0;1;0;0;1
ND;2018-2019;51007;88233;United Public School District;Des Lacs-Burlington High School;3818730;381873000647;178; 07-12;4;178;September Count;16216,2;97,65;16313,85;2886483,6;17381,7;2903865,3;1;0;1;0;0;0
ND;2018-2019;02002;46011;Valley City Public School District;Jefferson Elementary School;3818850;381885000654;310; PK-03;2;305;September Count;8617,01;1107,6;9724,61;2628188,05;337818;2966006,05;1;0;1;0;0;0
ND;2018-2019;02002;89543;Valley City Public School District;Valley City High School;3818850;381885000655;353; 09-12;4;353;September Count;10213,73;89,6;10303,33;3605446,69;31628,8;3637075,49;1;0;1;0;0;0
ND;2018-2019;02002;89542;Valley City Public School District;Valley City Junior High School;3818850;381885000656;186; 07-08;3;186;September Count;10213,73;89,6;10303,33;1899753,78;16665,6;1916419,38;1;0;1;0;0;0
ND;2018-2019;02002;92411;Valley City Public School District;Washington Elementary School;3818850;381885000657;234; 04-06;2;234;September Count;9173,73;426,48;9600,21;2146652,82;99796,32;2246449,14;1;0;1;0;0;0
ND;2018-2019;34118;16261;Valley-Edinburg Public School District;Valley-Edinburg Elementary School-Crystal;3800397;380039700652;58; 04-08;3;58;September Count;12499,81;1292,45;13792,26;724988,98;74962,1;799951,08;1;0;1;0;0;0
ND;2018-2019;34118;37211;Valley-Edinburg Public School District;Valley-Edinburg Elementary School-Hoople;3800397;380039700852;63; PK-03;2;40;September Count;13718,47;605,35;14323,82;548738,8;24214;572952,8;1;0;1;0;0;1
ND;2018-2019;34118;21093;Valley-Edinburg Public School District;Valley-Edinburg High School;3800397;380039700168;69; 09-12;4;69;September Count;16015,75;215,26;16231,01;1105086,75;14852,94;1119939,69;1;0;1;0;0;0
ND;2018-2019;25001;90031;Velva Public School District;Velva Elementary School;3817040;381704000590;265; PK-06;2;259;September Count;9460,45;347,51;9807,96;2450256,55;90005,09;2540261,64;1;0;1;0;0;0
ND;2018-2019;25001;90033;Velva Public School District;Velva High School;3817040;381704000591;209; 07-12;4;209;September Count;9460,45;347,51;9807,96;1977234,05;72629,59;2049863,64;1;0;1;0;0;0
ND;2018-2019;39037;13621;Wahpeton Public School District;Wahpeton Elementary School;3819020;381902000660;433; 01-05;2;433;September Count;8679,81;2764,21;11444,02;3758357,73;1196902,93;4955260,66;1;0;1;0;0;0
ND;2018-2019;39037;91703;Wahpeton Public School District;Wahpeton High School;3819020;381902000666;362; 09-12;4;362;September Count;8319,95;1804,92;10124,86;3011821,9;653381,04;3665199,32;1;0;1;0;0;0
ND;2018-2019;39037;13632;Wahpeton Public School District;Wahpeton Middle School;3819020;381902000749;312; 06-08;3;312;September Count;8103,96;1804,92;9908,88;2528435,52;563135,04;3091570,56;1;0;1;0;0;0
ND;2018-2019;39037;98871;Wahpeton Public School District;Zimmerman Elementary School;3819020;381902000668;106; PK-KG;1;81;September Count;6679,38;1804,92;8484,3;541029,78;146198,52;687228,3;1;0;1;0;0;1
ND;2018-2019;03029;92191;Warwick Public School District;Warwick Elementary School;3819260;381926000671;88; PK-04;2;73;September Count;15119,05;4020,77;19139,82;1103690,65;293516,21;1397206,86;1;0;1;0;0;0
ND;2018-2019;03029;92193;Warwick Public School District;Warwick High School;3819260;381926000672;70; 09-12;4;70;September Count;15119,05;4020,77;19139,82;1058333,5;281453,9;1339787,4;1;0;1;0;0;0
ND;2018-2019;03029;92192;Warwick Public School District;Warwick Middle School;3819260;381926000890;73; 05-08;3;73;September Count;15119,05;4020,77;19139,82;1103690,65;293516,21;1397206,86;1;0;1;0;0;0
ND;2018-2019;28004;92391;Washburn Public School District;Washburn Elementary School;3819290;381929000673;174; PK-06;2;161;September Count;11035,45;255,63;11291,08;1776707,45;41156,43;1817863,88;1;0;1;0;0;0
ND;2018-2019;28004;92393;Washburn Public School District;Washburn High School;3819290;381929000674;136; 07-12;4;136;September Count;11035,45;255,63;11291,08;1500821,2;34765,68;1535586,88;1;0;1;0;0;0
ND;2018-2019;09006;05451;West Fargo Public School District;Aurora Elementary School;3819410;381941000830;510; KG-05;2;510;September Count;11006,72;395,01;11401,73;5613427,2;201455,1;5814882,3;1;0;1;0;0;0
ND;2018-2019;09006;10621;West Fargo Public School District;Brooks Harbor Elementary School;3819410;381941000885;322; KG-05;2;322;September Count;10863;395,01;11258,02;3497886;127193,22;3625082,44;1;0;1;0;0;0
ND;2018-2019;09006;50902;West Fargo Public School District;Cheney Middle School;3819410;381941000680;1135; 06-08;3;1135;September Count;11205,9;751,31;11957,2;12718696,5;852736,85;13571422;1;0;1;0;0;0
ND;2018-2019;09006;27521;West Fargo Public School District;Eastwood Elementary School;3819410;381941000677;436; KG-05;2;436;September Count;11310,85;1396,37;12707,22;4931530,6;608817,32;5540347,92;1;0;1;0;0;0
ND;2018-2019;09006;28961;West Fargo Public School District;Freedom Elementary School;3819410;381941000857;511; KG-05;2;511;September Count;10911,94;395,01;11306,96;5576001,34;201850,11;5777856,56;1;0;1;0;0;0
ND;2018-2019;09006;35001;West Fargo Public School District;Harwood Elementary School;3819410;381941000678;139; KG-05;2;139;September Count;13269,89;395,01;13664,91;1844514,71;54906,39;1899422,49;1;0;1;0;0;0
ND;2018-2019;09006;37381;West Fargo Public School District;Horace Elementary School;3819410;381941000679;243; KG-05;2;243;September Count;11956,9;395,01;12351,92;2905526,7;95987,43;3001516,56;1;0;1;0;0;0
ND;2018-2019;09006;93161;West Fargo Public School District;Independence Elementary School;3819410;381941000867;538; KG-05;2;538;September Count;10163,92;395,01;10558,93;5468188,96;212515,38;5680704,34;1;0;1;0;0;0
ND;2018-2019;09006;50711;West Fargo Public School District;L E Berger Elementary School;3819410;381941000815;381; KG-05;2;381;September Count;11724,1;1460,66;13184,77;4466882,1;556511,46;5023397,37;1;0;1;0;0;0
ND;2018-2019;09006;52011;West Fargo Public School District;Legacy Elementary School;3819410;381941000872;563; KG-05;2;563;September Count;9250,03;395,01;9645,04;5207766,89;222390,63;5430157,52;1;0;1;0;0;0
ND;2018-2019;09006;52582;West Fargo Public School District;Liberty Middle School;3819410;381941000859;1178; 06-08;3;1178;September Count;10750,93;395,01;11145,95;12664595,54;465321,78;13129929,1;1;0;1;0;0;0
ND;2018-2019;09006;80611;West Fargo Public School District;Osgood Elem School;3819410;381941000841;528; KG-05;2;528;September Count;9917,94;768,03;10685,97;5236672,32;405519,84;5642192,16;1;0;1;0;0;0
ND;2018-2019;09006;80541;West Fargo Public School District;South Elementary School;3819410;381941000682;413; KG-05;2;413;September Count;10564,32;981,7;11546,03;4363064,16;405442,1;4768510,39;1;0;1;0;0;0
ND;2018-2019;09006;93153;West Fargo Public School District;West Fargo High School;3819410;381941000683;1487; 09-12;4;1487;September Count;11770,81;639,84;12410,65;17503194,47;951442,08;18454636,55;1;0;1;0;0;0
ND;2018-2019;09006;78653;West Fargo Public School District;West Fargo Sheyenne High School;3819410;381941000838;1393; 09-12;4;1393;September Count;10027,09;441,61;10468,71;13967736,37;615162,73;14582913,03;1;0;1;0;0;0
ND;2018-2019;09006;78652;West Fargo Public School District;West Fargo Sheyenne Middle School;3819410;NA;NA; NA;NA;NA;September Count;10027,09;441,61;10468,71;NA;NA;NA;1;0;1;0;0;0
ND;2018-2019;09006;93501;West Fargo Public School District;Westside Elementary School;3819410;381941000684;478; KG-05;2;478;September Count;10939,89;395,01;11334,9;5229267,42;188814,78;5418082,2;1;0;1;0;0;0
ND;2018-2019;09006;94201;West Fargo Public School District;Willow Park Elementary School;3819410;381941000888;447; KG-05;2;447;September Count;11021,19;1755,74;12776,93;4926471,93;784815,78;5711287,71;1;0;1;0;0;0
ND;2018-2019;05017;93251;Westhope Public School District;Westhope Elementary School;3819470;381947000685;93; PK-06;2;97;September Count;14154,01;492,1;14646,11;1372938,97;47733,7;1420672,67;1;0;1;0;0;0
ND;2018-2019;05017;93253;Westhope Public School District;Westhope High School;3819470;381947000686;47; 07-12;4;47;September Count;14154,01;492,1;14646,11;665238,47;23128,7;688367,17;1;0;1;0;0;0
ND;2018-2019;28085;93631;White Shield Public School District;White Shield Elementary School;3819680;381968000807;NA; PK-08;3;100;September Count;12254,97;0;12254,97;1225497;0;1225497;1;0;1;0;0;0
ND;2018-2019;28085;93633;White Shield Public School District;White Shield High School;3819680;381968000808;NA; 09-12;4;45;September Count;12254,97;0;12254,97;551473,65;0;551473,65;1;0;1;0;0;0
ND;2018-2019;53008;30451;Williams County Public School District;Garden Valley Elementary School;3813760;381376000831;337; PK-02;2;218;September Count;8051,42;0;8051,42;1755209,56;0;1755209,56;1;0;1;0;0;1
ND;2018-2019;53008;57451;Williams County Public School District;Missouri Ridge Elementary School;3813760;NA;NA; NA;NA;NA;September Count;9860,31;0;9860,31;NA;NA;NA;1;0;1;0;0;0
ND;2018-2019;53008;57452;Williams County Public School District;Missouri Ridge Middle School;3813760;381376000892;156; 03-08;3;253;September Count;9860,31;0;9860,31;2494658,43;0;2494658,43;1;0;1;0;0;1
ND;2018-2019;53008;76001;Williams County Public School District;Round Prairie Elementary School;3813760;381376000482;63; KG-05;2;61;September Count;10554,97;0;10554,97;643853,17;0;643853,17;1;0;1;0;0;0
ND;2018-2019;53001;07691;Williston Public School District;Bakken Elementary School;3819880;381988000882;717; 05-06;2;717;September Count;8606,63;172,25;8778,88;6170953,71;123503,25;6294456,96;1;0;1;0;0;0
ND;2018-2019;53001;17753;Williston Public School District;Del Easton Alternative High School;3819880;381988000848;17; 09-12;4;17;September Count;16127,13;138,23;16265,35;274161,21;2349,91;276510,95;1;0;1;0;0;0
ND;2018-2019;53001;33701;Williston Public School District;Hagan Elementary School;3819880;381988000758;491; KG-04;2;491;September Count;9882,31;752,35;10634,66;4852214,21;369403,85;5221618,06;1;0;1;0;0;0
ND;2018-2019;53001;52311;Williston Public School District;Lewis And Clark Elementary School;3819880;381988000690;277; KG-04;2;277;September Count;9847,21;460,2;10307,42;2727677,17;127475,4;2855155,34;1;0;1;0;0;0
ND;2018-2019;53001;56291;Williston Public School District;McVay Elementary School;3819880;381988000860;432; KG-04;2;432;September Count;9265,55;855,11;10120,66;4002717,6;369407,52;4372125,12;1;0;1;0;0;0
ND;2018-2019;53001;74451;Williston Public School District;Rickard Elementary School;3819880;381988000692;285; KG-04;2;285;September Count;9777,84;138,23;9916,07;2786684,4;39395,55;2826079,95;1;0;1;0;0;0
ND;2018-2019;53001;94121;Williston Public School District;Wilkinson Elementary School;3819880;381988000694;281; KG-04;2;281;September Count;9140,95;579,27;9720,22;2568606,95;162774,87;2731381,82;1;0;1;0;0;0
ND;2018-2019;53001;94163;Williston Public School District;Williston High School;3819880;381988000695;1262; 09-12;4;1262;September Count;10141,77;138,23;10280;12798913,74;174446,26;12973360;1;0;1;0;0;0
ND;2018-2019;53001;94182;Williston Public School District;Williston Middle School;3819880;381988000696;587; 07-08;3;587;September Count;10383,77;156,57;10540,34;6095272,99;91906,59;6187179,58;1;0;1;0;0;0
ND;2018-2019;28001;94511;Wilton Public School District;Wilton Elementary School;3813200;381320000456;150; PK-06;2;130;September Count;11257,92;307,29;11565,22;1463529,6;39947,7;1503478,6;1;0;1;0;0;0
ND;2018-2019;28001;94513;Wilton Public School District;Wilton High School;3813200;381320000457;91; 07-12;4;91;September Count;11257,92;307,29;11565,22;1024470,72;27963,39;1052435,02;1;0;1;0;0;0
ND;2018-2019;08028;94701;Wing Public School District;Wing Elementary School;3820130;382013000704;52; PK-08;3;47;September Count;16920,1;377,16;17297,25;795244,7;17726,52;812970,75;1;0;1;0;0;0
ND;2018-2019;08028;94703;Wing Public School District;Wing High School;3820130;382013000705;32; 09-12;4;32;September Count;16920,1;377,16;17297,25;541443,2;12069,12;553512;1;0;1;0;0;0
ND;2018-2019;26019;94771;Wishek Public School District;Wishek Elementary School;3820190;382019000706;141; PK-06;2;122;September Count;11577,01;485,68;12062,69;1412395,22;59252,96;1471648,18;1;0;1;0;0;0
ND;2018-2019;26019;94773;Wishek Public School District;Wishek High School;3820190;382019000707;79; 07-12;4;79;September Count;11577,01;485,68;12062,69;914583,79;38368,72;952952,51;1;0;1;0;0;0
ND;2018-2019;35001;95081;Wolford Public School District;Wolford Elementary School;NA;NA;NA; NA;NA;NA;September Count;0;0;0;NA;NA;NA;1;0;1;0;0;1
ND;2018-2019;35001;95083;Wolford Public School District;Wolford High School;NA;NA;NA; NA;NA;28;September Count;0;0;0;0;0;0;1;0;1;0;0;1
ND;2018-2019;39042;96271;Wyndmere Public School District;Wyndmere Elementary School;3820310;382031000712;147; PK-06;2;142;September Count;10771,53;232,58;11004,1;1529557,26;33026,36;1562582,2;1;0;1;0;0;0
ND;2018-2019;39042;96273;Wyndmere Public School District;Wyndmere High School;3820310;382031000713;105; 07-12;4;105;September Count;10771,53;232,58;11004,1;1131010,65;24420,9;1155430,5;1;0;1;0;0;0
ND;2018-2019;27014;27411;Yellowstone Public School District;East Fairview Elementary School;3820340;382034000714;83; PK-08;3;83;September Count;14067,27;310,86;14378,13;1167583,41;25801,38;1193384,79;1;0;1;0;0;0
ND;2018-2019;26004;98491;Zeeland Public School District;Zeeland Elementary School;3820400;382040000717;13; PK-06;2;10;September Count;28359,36;0;28359,36;283593,6;0;283593,6;1;0;1;0;0;1
ND;2018-2019;26004;98493;Zeeland Public School District;Zeeland High School;3820400;382040000718;18; 07-12;4;18;September Count;28359,36;0;28359,36;510468,48;0;510468,48;1;0;1;0;0;0
